Date,Home Team,Home Score,Away Team,Away Score
2015-08-21,Fatima,5,Battle,6
2015-08-21,Notre Dame (St. Louis),4,Bishop DuBourg,8
2015-08-21,Windsor (Imperial),6,Bowling Green,7
2015-08-21,Hickman,6,Bowling Green,5
2015-08-21,Richland,0,Camdenton,10
2015-08-21,Raytown,1,Central (St. Joseph),13
2015-08-21,Metro,21,Cleveland NJROTC,2
2015-08-21,Northwest (Cedar Hill),5,Cor Jesu Academy,2
2015-08-21,Alton,2,Dora,9
2015-08-21,Lutheran South,1,Festus,6
2015-08-21,Hillsboro,4,Francis Howell Central,1
2015-08-21,Hillsboro,7,Ft. Zumwalt North,4
2015-08-21,Palmyra,8,Ft. Zumwalt North,9
2015-08-21,Warrenton,12,Ft. Zumwalt South,2
2015-08-21,Dadeville,3,Hartville,2
2015-08-21,Winfield,4,Hickman,6
2015-08-21,Timberland,5,Highland,4
2015-08-21,Willard,11,Hillcrest,0
2015-08-21,Westran,16,Houston,26
2015-08-21,Vienna,4,Iberia,14
2015-08-21,McCluer South-Berkeley,23,Jennings,0
2015-08-21,St. Pius X (Festus),0,John F. Kennedy,2
2015-08-21,Nevada,1,Joplin,6
2015-08-21,Seneca,0,Joplin,10
2015-08-21,Nixa,7,Kickapoo,1
2015-08-21,St. Joseph's Academy,3,Lafayette (Wildwood),6
2015-08-21,Troy Buchanan,17,Lafayette (Wildwood),4
2015-08-21,Macks Creek,2,Laquey,3
2015-08-21,Parkway West,0,Lindbergh,3
2015-08-21,Rockwood Summit,9,Marquette,10
2015-08-21,Seneca,11,Nevada,12
2015-08-21,La Plata,2,Northeast (Cairo),12
2015-08-21,North Harrison,6,Northeast Nodaway,2
2015-08-21,St. James,9,Rolla,3
2015-08-21,Norwood,10,Smithville,0
2015-08-21,Pattonville,14,St. Charles,0
2015-08-21,Ursuline Academy,3,St. Teresa's Academy,7
2015-08-21,Warrenton,3,Timberland,4
2015-08-21,Trinity Catholic,5,Valley Park,4
2015-08-21,Troy Buchanan,11,Waynesville,5
2015-08-21,Parkway Central,3,Webster Groves,13
2015-08-21,New Bloomfield,10,Wellsville-Middletown,0
2015-08-21,Leeton,8,Wheatland,3
2015-08-22,Cassville,1,Ava,0
2015-08-22,Riverview Gardens,23,Bayless,2
2015-08-22,Park Hill,1,Belton,4
2015-08-22,Oak Grove,0,Belton,1
2015-08-22,Higbee,6,Bevier,2
2015-08-22,St. Pius X (Festus),11,Bishop DuBourg,10
2015-08-22,John F. Kennedy,9,Bishop DuBourg,0
2015-08-22,Raytown,0,Blue Springs South,8
2015-08-22,Eugene,4,Boonville,5
2015-08-22,Savannah,1,Boonville,16
2015-08-22,Moberly,5,Boonville,15
2015-08-22,Pleasant Hope,2,Branson,7
2015-08-22,Logan-Rogersville,11,Buffalo,0
2015-08-22,Osage,4,Camdenton,7
2015-08-22,Nevada,2,Carl Junction,5
2015-08-22,Marshall,6,Carrollton,8
2015-08-22,Fayette,3,Carrollton,8
2015-08-22,O'Hara,6,Carrollton,23
2015-08-22,St. Joseph's Academy,0,Central (Park Hills),3
2015-08-22,Washington,0,Central (Park Hills),2
2015-08-22,Blue Springs South,7,Central (St. Joseph),6
2015-08-22,Raytown,1,Central (St. Joseph),8
2015-08-22,William Chrisman,7,Central (St. Joseph),6
2015-08-22,North Platte,14,East Buchanan,0
2015-08-22,Lexington,9,East Buchanan,7
2015-08-22,West Platte,2,East Buchanan,15
2015-08-22,New Franklin,1,Eugene,11
2015-08-22,Pilot Grove,2,Eugene,3
2015-08-22,Central (Park Hills),6,Farmington,2
2015-08-22,Union,2,Farmington,6
2015-08-22,St. Clair,0,Farmington,21
2015-08-22,Versailles,4,Fayette,9
2015-08-22,California,4,Fayette,3
2015-08-22,Father Tolton,10,Fredericktown,5
2015-08-22,North County,11,Fredericktown,0
2015-08-22,Jefferson (Festus),11,Fredericktown,1
2015-08-22,Liberty (Mountain View),5,Gainesville,12
2015-08-22,Reeds Spring,11,Glendale,0
2015-08-22,Hollister,5,Glendale,6
2015-08-22,Kearney,17,Grain Valley,2
2015-08-22,St. Charles,5,Harrisonville,3
2015-08-22,Lee's Summit West,2,Harrisonville,0
2015-08-22,Reeds Spring,13,Hollister,0
2015-08-22,Father Tolton,4,Jefferson (Festus),3
2015-08-22,Metro,11,Jennings,18
2015-08-22,Notre Dame (St. Louis),2,John F. Kennedy,4
2015-08-22,Wright City,0,Kirksville,10
2015-08-22,Savannah,5,Kirksville,19
2015-08-22,Pilot Grove,5,Kirksville,4
2015-08-22,Pleasant Hill,0,Lee's Summit,8
2015-08-22,Raytown South,0,Lee's Summit,15
2015-08-22,Platte County,2,Lee's Summit North,10
2015-08-22,Odessa,0,Lee's Summit North,14
2015-08-22,St. Charles,0,Lee's Summit West,15
2015-08-22,North Platte,3,Lexington,0
2015-08-22,West Platte,0,Lexington,15
2015-08-22,Smithville,8,Liberty,4
2015-08-22,Oak Park,0,Liberty,7
2015-08-22,Webb City,6,Lutheran South,7
2015-08-22,California,5,Marshall,12
2015-08-22,Warsaw,6,Marshall,7
2015-08-22,Seneca,4,McDonald County,10
2015-08-22,Wright City,0,Moberly,10
2015-08-22,Pilot Grove,4,Moberly,6
2015-08-22,Seneca,3,Nevada,12
2015-08-22,Wright City,10,New Franklin,3
2015-08-22,Father Tolton,8,North County,10
2015-08-22,Jefferson (Festus),0,North County,5
2015-08-22,West Platte,0,North Platte,15
2015-08-22,St. Pius X (Festus),3,Notre Dame (St. Louis),7
2015-08-22,Ursuline Academy,12,Notre Dame de Sion,1
2015-08-22,Park Hill,0,Oak Grove,15
2015-08-22,Smithville,9,Oak Park,0
2015-08-22,Platte County,13,Odessa,2
2015-08-22,St. Joseph's Academy,6,Pacific,2
2015-08-22,Liberty (Wentzville),6,Pacific,10
2015-08-22,Fort Osage,0,Raymore-Peculiar,13
2015-08-22,Winnetonka,2,Raymore-Peculiar,14
2015-08-22,Pleasant Hill,7,Raytown South,2
2015-08-22,Warsaw,8,Salem,7
2015-08-22,California,12,Salem,11
2015-08-22,Versailles,9,Salem,8
2015-08-22,New Franklin,8,Savannah,23
2015-08-22,St. Joseph's Academy,21,St. Clair,0
2015-08-22,Liberty (Wentzville),11,St. Clair,2
2015-08-22,Pacific,1,Union,4
2015-08-22,Washington,6,Union,1
2015-08-22,O'Hara,16,Versailles,9
2015-08-22,O'Hara,7,Warsaw,14
2015-08-22,Liberty (Wentzville),0,Washington,15
2015-08-22,Grain Valley,4,William Chrisman,3
2015-08-22,Kearney,17,William Chrisman,0
2015-08-22,Fort Osage,6,Winnetonka,10
2015-08-24,Hartville,3,Aurora,10
2015-08-24,Owensville,1,Belle,5
2015-08-24,Blue Springs South,3,Belton,4
2015-08-24,Lee's Summit West,0,Belton,1
2015-08-24,Raymore-Peculiar,0,Blue Springs South,10
2015-08-24,Marshfield,1,Branson,2
2015-08-24,Summit Christian Academy,17,Carrollton,16
2015-08-24,Winnetonka,8,Central (St. Joseph),6
2015-08-24,St. Charles,3,Central (St. Joseph),11
2015-08-24,Putnam County,0,Clark County,12
2015-08-24,Louisiana,2,Clopton,9
2015-08-24,Westran,0,Crocker,13
2015-08-24,Mid-Buchanan,2,DeKalb,3
2015-08-24,Parkway North,1,DeSoto,10
2015-08-24,Francis Howell North,1,DeSoto,7
2015-08-24,Laquey,1,Dixon,16
2015-08-24,Puxico,6,East Prairie,4
2015-08-24,Walnut Grove,1,El Dorado Springs,12
2015-08-24,Osage,3,Eldon,6
2015-08-24,La Plata,5,Fayette,6
2015-08-24,St. Dominic,10,Fox,6
2015-08-24,McCluer North,2,Francis Howell,22
2015-08-24,Parkway South,4,Francis Howell,0
2015-08-24,Pattonville,0,Francis Howell,10
2015-08-24,McCluer North,2,Francis Howell North,22
2015-08-24,Jefferson (Festus),9,Fredericktown,0
2015-08-24,Timberland,6,Ft. Zumwalt South,4
2015-08-24,Marquette,5,Ft. Zumwalt West,11
2015-08-24,Parkway Central,1,Ft. Zumwalt West,15
2015-08-24,Father Tolton,13,Fulton,3
2015-08-24,Weaubleau,19,Halfway,2
2015-08-24,Mexico,2,Hannibal,5
2015-08-24,Braymer,12,Hardin-Central,2
2015-08-24,Park Hill,2,Harrisonville,14
2015-08-24,Raytown,9,Harrisonville,8
2015-08-24,Parkway Central,12,Hazelwood West,5
2015-08-24,Warrenton,17,Hermann,0
2015-08-24,Central (Cape Girardeau),2,Hillsboro,8
2015-08-24,Westminster Christian Academy,3,Incarnate Word Academy,4
2015-08-24,Veritas Christian Academy,2,John F. Kennedy,14
2015-08-24,Clinton,10,Knob Noster,6
2015-08-24,South Shelby,4,Knox County,3
2015-08-24,St. Teresa's Academy,6,Lafayette (St. Joseph),7
2015-08-24,Carthage,12,Lamar,1
2015-08-24,Notre Dame de Sion,1,Lathrop,16
2015-08-24,Excelsior Springs,10,Lawson,12
2015-08-24,Bolivar,12,Lebanon,1
2015-08-24,Raymore-Peculiar,1,Lee's Summit West,11
2015-08-24,South Nodaway,2,Lexington,0
2015-08-24,Koshkonong,2,Liberty (Mountain View),17
2015-08-24,Rosati-Kain,2,Lutheran St. Charles,19
2015-08-24,Pleasant Hope,19,Macks Creek,1
2015-08-24,Centralia,5,Macon,0
2015-08-24,Cameron,6,Maysville,7
2015-08-24,Parkway South,11,Mehlville,0
2015-08-24,Willard,4,Monett,5
2015-08-24,Boonville,15,New Franklin,4
2015-08-24,Cuba,16,New Haven,1
2015-08-24,St. Pius X (Kansas City),3,North Kansas City,1
2015-08-24,Vienna,1,North Platte,5
2015-08-24,Novinger,4,North Shelby,14
2015-08-24,Parkway West,2,Northwest (Cedar Hill),9
2015-08-24,Ritenour,3,Northwest (Cedar Hill),8
2015-08-24,Higbee,1,Northwestern (Mendon),5
2015-08-24,Hancock,3,Notre Dame (St. Louis),18
2015-08-24,Winnetonka,5,Oak Grove,2
2015-08-24,St. Charles,0,Oak Grove,7
2015-08-24,West Plains,0,Ozark,10
2015-08-24,Mark Twain,3,Palmyra,14
2015-08-24,Fort Osage,15,Park Hill,0
2015-08-24,Ft. Zumwalt East,5,Parkway West,6
2015-08-24,Marceline,8,Penney,9
2015-08-24,Potosi,2,Perryville,17
2015-08-24,Fort Osage,2,Raytown,13
2015-08-24,Newburg,6,Richland,0
2015-08-24,Union,7,Rolla,3
2015-08-24,Jamestown,19,Russellville,5
2015-08-24,Moberly,2,Schuyler County,12
2015-08-24,St. Clair,5,Sikeston,6
2015-08-24,Albany,13,South Nodaway,2
2015-08-24,Warsaw,0,Southern Boone,11
2015-08-24,Salem,5,St. James,9
2015-08-24,North Callaway,6,Worth County,0
2015-08-24,Milan,5,Trenton,6
2015-08-24,Tuscumbia,0,Vienna,10
2015-08-24,Nerinx Hall,2,Webster Groves,6
2015-08-24,Madison,2,Westran,16
2015-08-24,Dadeville,8,Wheatland,3
2015-08-24,Smithville,0,Willow Springs,10
2015-08-24,St. Pius X (Festus),4,Windsor (Imperial),15
2015-08-25,Neelyville,17,Alton,7
2015-08-25,Humansville,10,Aurora,15
2015-08-25,Liberty (Mountain View),10,Ava,5
2015-08-25,Marion County,19,Bevier,1
2015-08-25,Hickman,7,Boonville,4
2015-08-25,Lathrop,13,Braymer,0
2015-08-25,Clopton,0,Canton,10
2015-08-25,Schuyler County,12,Carrollton,0
2015-08-25,Parkview,3,Cassville,10
2015-08-25,Weaubleau,3,Central (Springfield),4
2015-08-25,Valley Park,20,Cleveland NJROTC,0
2015-08-25,Ft. Zumwalt West,3,DeSoto,7
2015-08-25,Crocker,2,Dixon,5
2015-08-25,Pacific,8,Duchesne,0
2015-08-25,Lamar,3,East Newton,6
2015-08-25,Fulton,2,Eldon,8
2015-08-25,Versailles,0,Eugene,10
2015-08-25,Cor Jesu Academy,0,Eureka,4
2015-08-25,Fredericktown,6,Farmington,21
2015-08-25,Marquette,8,Francis Howell,5
2015-08-25,Troy Buchanan,11,Francis Howell Central,2
2015-08-25,Ft. Zumwalt East,4,Francis Howell North,11
2015-08-25,Lafayette (Wildwood),0,Ft. Zumwalt North,15
2015-08-25,Washington,6,Ft. Zumwalt South,0
2015-08-25,Salem,14,Glasgow,5
2015-08-25,Pleasant Hill,7,Grain Valley,8
2015-08-25,Russellville,17,Harrisburg,14
2015-08-25,Marquette,14,Hazelwood West,1
2015-08-25,Battle,2,Helias Catholic,6
2015-08-25,Bishop DuBourg,19,Herculaneum,3
2015-08-25,Montgomery County,12,Hermann,1
2015-08-25,Bowling Green,4,Highland,3
2015-08-25,Republic,34,Hollister,0
2015-08-25,St. Dominic,3,Holt,6
2015-08-25,Newburg,1,Iberia,8
2015-08-25,Lutheran St. Charles,3,Incarnate Word Academy,8
2015-08-25,Perryville,2,Jefferson (Festus),4
2015-08-25,Smithville,2,Kearney,6
2015-08-25,Chaffee,2,Kelly,3
2015-08-25,Waynesville,10,Kickapoo,4
2015-08-25,Jefferson City,18,Lebanon,0
2015-08-25,Lee's Summit North,1,Lee's Summit,3
2015-08-25,Kearney,4,Lee's Summit,8
2015-08-25,Smithville,2,Lee's Summit North,3
2015-08-25,Polo,6,Lexington,16
2015-08-25,Grain Valley,2,Liberty,9
2015-08-25,Platte County,0,Liberty,6
2015-08-25,Jamestown,1,Linn,2
2015-08-25,Elsberry,1,Louisiana,7
2015-08-25,Hallsville,6,Macon,2
2015-08-25,Dora,14,Mansfield,0
2015-08-25,Linn County,1,Marceline,6
2015-08-25,Hermitage,3,Marion C. Early,6
2015-08-25,Monroe City,11,Mark Twain,3
2015-08-25,Hillcrest,2,Marshfield,5
2015-08-25,Parkway North,14,McCluer North,4
2015-08-25,Brentwood,5,McCluer South-Berkeley,20
2015-08-25,Pattonville,14,Mehlville,3
2015-08-25,Marshall,0,Mexico,6
2015-08-25,Buffalo,1,Monett,15
2015-08-25,McDonald County,12,Nevada,3
2015-08-25,New Haven,2,New Bloomfield,12
2015-08-25,Plattsburg,2,North Andrew,1
2015-08-25,Slater,5,North Callaway,8
2015-08-25,Potosi,2,North County,12
2015-08-25,Princeton,1,North Harrison,8
2015-08-25,Grandview,7,North Kansas City,14
2015-08-25,Parkway South,8,Northwest (Cedar Hill),0
2015-08-25,Hardin-Central,8,Northwestern (Mendon),9
2015-08-25,Logan-Rogersville,7,Norwood,1
2015-08-25,St. Joseph's Academy,4,Notre Dame (St. Louis),3
2015-08-25,Knox County,20,Novinger,0
2015-08-25,William Chrisman,6,Oak Park,4
2015-08-25,Raytown South,1,Oak Park,3
2015-08-25,Raytown South,8,Odessa,9
2015-08-25,William Chrisman,13,Odessa,6
2015-08-25,St. Teresa's Academy,19,O'Hara,1
2015-08-25,Liberty (Wentzville),7,Orchard Farm,9
2015-08-25,Tuscumbia,1,Osage,10
2015-08-25,Parkway West,9,Parkway North,5
2015-08-25,Brookfield,0,Penney,3
2015-08-25,Pleasant Hill,3,Platte County,6
2015-08-25,Jackson,1,Portageville,2
2015-08-25,Nixa,11,Reeds Spring,1
2015-08-25,Lawson,1,Richmond,4
2015-08-25,Ft. Zumwalt East,3,Ritenour,1
2015-08-25,Westminster Christian Academy,16,Rosati-Kain,6
2015-08-25,Carthage,3,Seneca,0
2015-08-25,Van-Far,5,Slater,6
2015-08-25,Maryville,11,St. Elizabeth,1
2015-08-25,Mid-Buchanan,20,South Nodaway,4
2015-08-25,Fatima,2,Southern Boone,0
2015-08-25,Winfield,12,St. Charles,2
2015-08-25,Blair Oaks,9,Van-Far,0
2015-08-25,Lutheran South,10,St. Joseph's Academy,0
2015-08-25,West Platte,4,St. Pius X (Kansas City),13
2015-08-25,Central (Park Hills),12,Ste. Genevieve,2
2015-08-25,Owensville,15,Warsaw,4
2015-08-25,Laquey,12,Westran,11
2015-08-25,Silex,2,Worth County,5
2015-08-25,Doniphan,15,Thayer,16
2015-08-25,Gallatin,0,Trenton,2
2015-08-25,Paris,0,Van-Far,15
2015-08-25,St. James,1,Vienna,4
2015-08-25,Notre Dame de Sion,1,Warrensburg,9
2015-08-25,Union,1,Warrenton,12
2015-08-25,Knob Noster,9,Warsaw,5
2015-08-25,East Carter,3,Willow Springs,4
2015-08-25,Northeast Nodaway,4,Worth County,2
2015-08-25,St. Clair,4,Wright City,15
2015-08-26,St. Pius X (Festus),8,Affton,5
2015-08-26,Moberly,0,Battle,11
2015-08-26,Lee's Summit,1,Belton,0
2015-08-26,Mid-Buchanan,1,Benton,7
2015-08-26,Park Hill South,2,Blue Springs,1
2015-08-26,Kearney,1,Blue Springs South,3
2015-08-26,Excelsior Springs,4,Cameron,14
2015-08-26,Grain Valley,3,Central (St. Joseph),6
2015-08-26,Notre Dame (Cape Girardeau),8,Chaffee,3
2015-08-26,Rolla,6,Cuba,5
2015-08-26,Parkway South,7,DeSoto,4
2015-08-26,Holt,10,Fox,0
2015-08-26,Pattonville,6,Francis Howell North,5
2015-08-26,Lafayette (Wildwood),6,Ft. Zumwalt South,8
2015-08-26,Northwest (Cedar Hill),3,Ft. Zumwalt West,1
2015-08-26,Ruskin,0,Grandview,15
2015-08-26,Odessa,1,Harrisonville,10
2015-08-26,Trinity Catholic,17,Hazelwood Central,1
2015-08-26,Fredericktown,9,Herculaneum,6
2015-08-26,Rosati-Kain,4,Incarnate Word Academy,16
2015-08-26,Putnam County,13,La Plata,2
2015-08-26,Lee's Summit West,5,Lee's Summit North,1
2015-08-26,Platte County,0,Liberty,6
2015-08-26,Winnetonka,0,Liberty,1
2015-08-26,St. Charles,0,Liberty (Wentzville),10
2015-08-26,Metro,24,Lutheran North,13
2015-08-26,Westminster Christian Academy,15,Lutheran St. Charles,5
2015-08-26,Parkway West,2,Marquette,13
2015-08-26,Pattonville,1,Marquette,14
2015-08-26,Platte County,1,Oak Grove,4
2015-08-26,Fort Osage,1,Oak Park,9
2015-08-26,Lebanon,3,Ozark,13
2015-08-26,Raytown South,8,Park Hill,5
2015-08-26,Jefferson (Festus),11,Potosi,3
2015-08-26,Smithville,4,Raymore-Peculiar,0
2015-08-26,William Chrisman,1,Raytown,11
2015-08-26,Jackson,1,Seckman,3
2015-08-26,Holden,1,South Nodaway,5
2015-08-26,Van-Far,5,Slater,6
2015-08-26,Paris,0,South Shelby,26
2015-08-26,Pacific,6,St. Joseph's Academy,7
2015-08-26,Sikeston,1,Ste. Genevieve,2
2015-08-26,Pleasant Hill,1,St. Charles,2
2015-08-26,Orchard Farm,19,Veritas Christian Academy,4
2015-08-26,Hillcrest,3,Waynesville,8
2015-08-26,Harrisburg,2,Westran,12
2015-08-26,John F. Kennedy,2,Windsor (Imperial),3
2015-08-27,Clayton,7,Affton,1
2015-08-27,East Buchanan,1,Albany,7
2015-08-27,Dora,6,Ava,4
2015-08-27,Brentwood,3,Bayless,21
2015-08-27,Green City,10,Bevier,0
2015-08-27,Hannibal,2,Boonville,11
2015-08-27,Logan-Rogersville,6,Branson,4
2015-08-27,North Shelby,6,Brashear,15
2015-08-27,El Dorado Springs,10,Buffalo,5
2015-08-27,Glendale,0,Camdenton,10
2015-08-27,Trenton,11,Carrollton,0
2015-08-27,Hollister,0,Cassville,16
2015-08-27,Portageville,4,Central (Cape Girardeau),0
2015-08-27,North County,1,Central (Park Hills),2
2015-08-27,Mansfield,1,Central (Springfield),9
2015-08-27,Blair Oaks,4,Centralia,2
2015-08-27,Lawson,0,Chillicothe,4
2015-08-27,Savannah,2,Clinton,12
2015-08-27,Bowling Green,24,Community,0
2015-08-27,Humansville,5,Dadeville,3
2015-08-27,Rosati-Kain,3,Duchesne,17
2015-08-27,Southern Boone,11,Eldon,8
2015-08-27,Wright City,18,Elsberry,8
2015-08-27,Lafayette (Wildwood),6,Eureka,3
2015-08-27,Ste. Genevieve,3,Farmington,4
2015-08-27,Osage,0,Fatima,10
2015-08-27,Worth County,8,Fayette,2
2015-08-27,St. Dominic,1,Fox,10
2015-08-27,Potosi,9,Fredericktown,2
2015-08-27,Washington,5,Ft. Zumwalt North,8
2015-08-27,Leeton,5,Hermitage,12
2015-08-27,La Plata,14,Higbee,3
2015-08-27,Scotland County,1,Highland,9
2015-08-27,Perryville,0,Jackson,4
2015-08-27,Chaffee,3,Jefferson (Festus),2
2015-08-27,Riverview Gardens,23,Jennings,0
2015-08-27,East Carter,0,Kelly,4
2015-08-27,Willard,5,Kickapoo,1
2015-08-27,Versailles,0,Knob Noster,15
2015-08-27,Penney,12,Lafayette County,7
2015-08-27,Hardin-Central,1,Lexington,7
2015-08-27,Nerinx Hall,1,Liberty (Wentzville),13
2015-08-27,Marquette,13,Lindbergh,1
2015-08-27,Cor Jesu Academy,3,Lutheran South,4
2015-08-27,Fair Play,4,Macks Creek,10
2015-08-27,Monroe City,10,Macon,4
2015-08-27,Atlanta,12,Marion County,1
2015-08-27,Fulton,9,Marshall,3
2015-08-27,Lathrop,13,Maysville,3
2015-08-27,University City,3,McCluer South-Berkeley,23
2015-08-27,Hazelwood East,10,Metro,20
2015-08-27,North Andrew,10,Mid-Buchanan,11
2015-08-27,Gallatin,6,Milan,5
2015-08-27,Kirksville,2,Moberly,3
2015-08-27,Republic,12,Monett,0
2015-08-27,Silex,4,Montgomery County,8
2015-08-27,St. Pius X (Kansas City),5,Nevada,9
2015-08-27,Pleasant Hope,7,Nixa,5
2015-08-27,Van-Far,0,North Callaway,9
2015-08-27,Madison,0,Northeast (Cairo),10
2015-08-27,Lebanon,1,Norwood,4
2015-08-27,Naylor,0,Notre Dame (Cape Girardeau),15
2015-08-27,Linn,12,Owensville,5
2015-08-27,West Plains,19,Parkview,3
2015-08-27,Mehlville,5,Parkway South,2
2015-08-27,Ursuline Academy,4,Parkway West,5
2015-08-27,Marceline,6,Putnam County,3
2015-08-27,St. Clair,20,Puxico,0
2015-08-27,Helias Catholic,10,Rolla,0
2015-08-27,California,5,Russellville,6
2015-08-27,Smithville,0,Salem,15
2015-08-27,Pilot Grove,1,Schuyler County,11
2015-08-27,Canton,9,Schuyler County,1
2015-08-27,Webster Groves,0,Seckman,10
2015-08-27,Poplar Bluff,13,Sikeston,1
2015-08-27,New Franklin,11,Salem,1
2015-08-27,Cameron,14,St. Elizabeth,0
2015-08-27,Brookfield,3,South Shelby,5
2015-08-27,Jefferson City,9,Van-Far,1
2015-08-27,St. Clair,0,St. Joseph's Academy,15
2015-08-27,Central (St. Joseph),8,St. Teresa's Academy,11
2015-08-27,Willow Springs,11,Thayer,6
2015-08-27,Winston,9,Tri-County,0
2015-08-27,Principia,3,Trinity Catholic,4
2015-08-27,Hillsboro,1,Troy Buchanan,5
2015-08-27,New Bloomfield,11,Tuscumbia,2
2015-08-27,Liberty (Mountain View),0,Van Buren,15
2015-08-27,Warsaw,4,Vienna,15
2015-08-27,Reeds Spring,9,Walnut Grove,0
2015-08-27,O'Hara,0,Warrensburg,14
2015-08-27,Orchard Farm,0,Warrenton,8
2015-08-27,Clopton,10,Wellsville-Middletown,0
2015-08-27,Herculaneum,0,Windsor (Imperial),16
2015-08-28,St. James,9,Belle,4
2015-08-28,Park Hill South,11,Blue Springs,3
2015-08-28,Carthage,0,Blue Springs,15
2015-08-28,Webb City,2,Blue Springs,8
2015-08-28,Nixa,5,Bolivar,7
2015-08-28,Winfield,7,Bowling Green,10
2015-08-28,Walnut Grove,2,Buffalo,9
2015-08-28,Van-Far,4,Calvary Lutheran,2
2015-08-28,Staley,11,Carl Junction,0
2015-08-28,McDonald County,5,Carl Junction,4
2015-08-28,Park Hill South,10,Carthage,1
2015-08-28,Webb City,4,Carthage,7
2015-08-28,Windsor (Imperial),14,Central (Cape Girardeau),2
2015-08-28,Weaubleau,3,Central (Springfield),4
2015-08-28,Marion County,0,Community,10
2015-08-28,Newburg,3,Crocker,6
2015-08-28,Humansville,5,Dadeville,3
2015-08-28,Iberia,15,Dixon,5
2015-08-28,Washington,3,Eldon,9
2015-08-28,Helias Catholic,10,Eldon,2
2015-08-28,Battle,1,Eldon,0
2015-08-28,Halfway,18,Fair Play,13
2015-08-28,Seckman,9,Festus,1
2015-08-28,Kirkwood,4,Festus,10
2015-08-28,Holt,5,Fox,4
2015-08-28,Ursuline Academy,6,Ft. Zumwalt North,3
2015-08-28,Lindbergh,7,Ft. Zumwalt North,6
2015-08-28,Palmyra,8,Ft. Zumwalt North,9
2015-08-28,Timberland,3,Ft. Zumwalt West,10
2015-08-28,O'Hara,2,Grandview,17
2015-08-28,New Bloomfield,5,Hallsville,3
2015-08-28,University City,6,Hancock,24
2015-08-28,Marion C. Early,12,Hartville,7
2015-08-28,Battle,4,Helias Catholic,6
2015-08-28,Liberty North,15,Hillcrest,0
2015-08-28,Mexico,15,Hillcrest,5
2015-08-28,Slater,10,Hillcrest,1
2015-08-28,Principia,0,John F. Kennedy,10
2015-08-28,Seneca,0,Joplin,10
2015-08-28,Nevada,1,Joplin,6
2015-08-28,Seckman,7,Kirkwood,11
2015-08-28,Webb City,15,Ladue Horton Watkins,5
2015-08-28,Oakville,19,Ladue Horton Watkins,2
2015-08-28,Ursuline Academy,13,Lindbergh,6
2015-08-28,Trinity Catholic,21,Lutheran North,5
2015-08-28,Veritas Christian Academy,2,Lutheran St. Charles,7
2015-08-28,New Franklin,18,Madison,4
2015-08-28,Riverview Gardens,12,McCluer South-Berkeley,2
2015-08-28,Staley,10,McDonald County,0
2015-08-28,Liberty North,7,Mexico,1
2015-08-28,Slater,4,Mexico,3
2015-08-28,Wellsville-Middletown,13,New Haven,3
2015-08-28,Hillsboro,0,Northwest (Cedar Hill),12
2015-08-28,Walnut Grove,2,Norwood,12
2015-08-28,Affton,2,Notre Dame (St. Louis),12
2015-08-28,Webb City,1,Oakville,3
2015-08-28,Lutheran South,6,Pacific,7
2015-08-28,Webb City,5,Park Hill South,6
2015-08-28,Marion C. Early,9,Parkview,8
2015-08-28,Hartville,7,Parkview,8
2015-08-28,Parkway Central,4,Parkway North,16
2015-08-28,Ursuline Academy,5,Parkway West,6
2015-08-28,St. Charles,0,Pattonville,14
2015-08-28,Worth County,5,Pilot Grove,4
2015-08-28,Rockwood Summit,7,Poplar Bluff,1
2015-08-28,Ritenour,5,Poplar Bluff,1
2015-08-28,Sikeston,18,Puxico,2
2015-08-28,Laquey,4,Richland,5
2015-08-28,Rockwood Summit,4,Ritenour,2
2015-08-28,Liberty North,9,Slater,1
2015-08-28,Jefferson City,7,Troy Buchanan,1
2015-08-28,Naylor,3,St. Clair,6
2015-08-28,Metro,0,Valley Park,15
2015-08-28,Doniphan,0,Van Buren,15
2015-08-28,Linn,7,Vienna,4
2015-08-28,Battle,5,Washington,4
2015-08-28,Helias Catholic,2,Washington,12
2015-08-29,Gallatin,14,Albany,5
2015-08-29,Princeton,3,Albany,16
2015-08-29,Worth County,8,Albany,6
2015-08-29,Excelsior Springs,1,Benton,15
2015-08-29,DeKalb,1,Benton,4
2015-08-29,Richmond,10,Benton,3
2015-08-29,Maysville,0,Benton,10
2015-08-29,Staley,2,Blue Springs,4
2015-08-29,Park Hill South,2,Blue Springs,13
2015-08-29,Warrenton,2,Bowling Green,0
2015-08-29,Palmyra,0,Bowling Green,4
2015-08-29,Aurora,1,Branson,16
2015-08-29,North Shelby,5,Brookfield,2
2015-08-29,Marion County,0,Brookfield,10
2015-08-29,Norwood,13,Buffalo,2
2015-08-29,Parkview,2,Buffalo,8
2015-08-29,Richmond,8,Cameron,2
2015-08-29,DeKalb,10,Cameron,0
2015-08-29,Polo,3,Cameron,14
2015-08-29,South Shelby,4,Canton,6
2015-08-29,North Shelby,1,Canton,12
2015-08-29,McDonald County,4,Carl Junction,7
2015-08-29,Nevada,2,Carl Junction,5
2015-08-29,Webb City,16,Carthage,1
2015-08-29,Windsor (Imperial),14,Central (Cape Girardeau),2
2015-08-29,Hermitage,4,Central (Springfield),21
2015-08-29,Humansville,0,Central (Springfield),7
2015-08-29,South Shelby,2,Clark County,1
2015-08-29,Marion County,0,Clark County,10
2015-08-29,Leeton,4,Dadeville,1
2015-08-29,Weaubleau,3,Dadeville,4
2015-08-29,Excelsior Springs,4,DeKalb,5
2015-08-29,Leeton,11,Fair Play,8
2015-08-29,Weaubleau,14,Fair Play,4
2015-08-29,Poplar Bluff,5,Festus,1
2015-08-29,Ladue Horton Watkins,0,Festus,17
2015-08-29,Warrenton,6,Francis Howell Central,0
2015-08-29,Palmyra,2,Francis Howell Central,12
2015-08-29,Poplar Bluff,0,Ft. Zumwalt North,10
2015-08-29,Ladue Horton Watkins,1,Ft. Zumwalt North,14
2015-08-29,Winfield,6,Ft. Zumwalt South,7
2015-08-29,Highland,5,Ft. Zumwalt South,6
2015-08-29,Vienna,1,Gallatin,3
2015-08-29,North Harrison,3,Gallatin,2
2015-08-29,Hermitage,12,Halfway,9
2015-08-29,Humansville,14,Halfway,7
2015-08-29,New Bloomfield,7,Hallsville,8
2015-08-29,Northeast (Cairo),0,Hallsville,15
2015-08-29,Schuyler County,10,Harrisburg,0
2015-08-29,Worth County,4,Harrisburg,3
2015-08-29,Walnut Grove,13,Hartville,0
2015-08-29,Marion C. Early,12,Hartville,7
2015-08-29,Liberty North,4,Helias Catholic,5
2015-08-29,Timberland,8,Hickman,9
2015-08-29,Troy Buchanan,7,Hickman,5
2015-08-29,Eldon,18,Hillcrest,0
2015-08-29,Troy Buchanan,10,Hillsboro,0
2015-08-29,Timberland,3,Hillsboro,6
2015-08-29,Park Hill South,7,Joplin,3
2015-08-29,Staley,5,Joplin,3
2015-08-29,Webb City,6,Kirkwood,11
2015-08-29,Ritenour,13,Kirkwood,5
2015-08-29,South Shelby,4,Knox County,0
2015-08-29,North Shelby,1,Knox County,14
2015-08-29,Marion County,0,Knox County,13
2015-08-29,Excelsior Springs,14,Lafayette (St. Joseph),2
2015-08-29,Savannah,0,Lafayette (St. Joseph),11
2015-08-29,DeKalb,4,Lafayette (St. Joseph),8
2015-08-29,Polo,11,Lafayette (St. Joseph),0
2015-08-29,Cameron,9,Lawson,8
2015-08-29,Richmond,8,Lawson,3
2015-08-29,Excelsior Springs,3,Lawson,14
2015-08-29,Savannah,2,Lawson,10
2015-08-29,Battle,2,Liberty North,7
2015-08-29,Webb City,6,Lindbergh,7
2015-08-29,Ritenour,0,Lindbergh,3
2015-08-29,Norwood,6,Marion C. Early,0
2015-08-29,Hannibal,11,Marshall,0
2015-08-29,Polo,4,Maysville,17
2015-08-29,Seneca,4,McDonald County,8
2015-08-29,Eldon,5,Mexico,10
2015-08-29,Washington,3,Mexico,7
2015-08-29,Canton,9,Monroe City,1
2015-08-29,Brookfield,1,Monroe City,2
2015-08-29,Clark County,2,Monroe City,3
2015-08-29,Worth County,5,New Bloomfield,7
2015-08-29,Schuyler County,2,New Bloomfield,6
2015-08-29,Princeton,5,North Andrew,2
2015-08-29,Worth County,14,North Andrew,7
2015-08-29,Worth County,2,North Harrison,7
2015-08-29,St. Pius X (Kansas City),11,North Kansas City,4
2015-08-29,Raytown South,5,North Kansas City,3
2015-08-29,West Platte,7,North Kansas City,12
2015-08-29,Schuyler County,13,Northeast (Cairo),3
2015-08-29,South Nodaway,1,Northeast Nodaway,10
2015-08-29,Ursuline Academy,0,Oakville,11
2015-08-29,Rockwood Summit,3,Oakville,2
2015-08-29,Vienna,12,Princeton,1
2015-08-29,St. Pius X (Kansas City),5,Raytown South,4
2015-08-29,West Platte,5,Raytown South,17
2015-08-29,Rockwood Summit,4,Ritenour,2
2015-08-29,Ursuline Academy,4,Seckman,9
2015-08-29,Rockwood Summit,13,Seckman,2
2015-08-29,Helias Catholic,10,Slater,0
2015-08-29,Worth County,5,Southern Boone,11
2015-08-29,Westran,1,Southern Boone,6
2015-08-29,Hallsville,3,Southern Boone,1
2015-08-29,Helias Catholic,2,Washington,12
2015-08-29,Winfield,6,Waynesville,4
2015-08-29,Highland,11,Waynesville,0
2015-08-29,St. Pius X (Kansas City),11,West Platte,10
2015-08-29,Northeast (Cairo),5,Westran,4
2015-08-30,Gallatin,14,Albany,5
2015-08-30,Worth County,8,Albany,6
2015-08-30,Princeton,3,Albany,16
2015-08-31,North Platte,11,Bishop LeBlond,1
2015-08-31,Hermann,12,Bourbon,3
2015-08-31,Fayette,4,Carrollton,6
2015-08-31,Grain Valley,7,Clinton,5
2015-08-31,Veritas Christian Academy,0,Clopton,10
2015-08-31,Koshkonong,0,Doniphan,15
2015-08-31,Nevada,3,El Dorado Springs,1
2015-08-31,California,4,Eugene,13
2015-08-31,Van-Far,1,Fatima,14
2015-08-31,Lafayette (Wildwood),3,Francis Howell,10
2015-08-31,Hannibal,15,Fulton,2
2015-08-31,Parkview,12,Glendale,2
2015-08-31,Hallsville,12,Harrisburg,0
2015-08-31,Willow Springs,5,Hartville,0
2015-08-31,Ft. Zumwalt West,9,Holt,5
2015-08-31,Hermitage,5,Humansville,8
2015-08-31,St. Dominic,3,John F. Kennedy,0
2015-08-31,Summit Christian Academy,0,Knob Noster,15
2015-08-31,Lawson,11,Lafayette County,8
2015-08-31,Hardin-Central,1,Lexington,7
2015-08-31,West Plains,6,Logan-Rogersville,5
2015-08-31,Principia,5,Lutheran St. Charles,13
2015-08-31,Crocker,11,Macks Creek,1
2015-08-31,North Shelby,2,Madison,7
2015-08-31,Brashear,0,Milan,11
2015-08-31,Macon,8,Moberly,7
2015-08-31,Russellville,4,Newburg,15
2015-08-31,Winnetonka,6,North Kansas City,2
2015-08-31,Ava,6,Norwood,11
2015-08-31,Canton,18,Paris,1
2015-08-31,St. Elizabeth,0,Putnam County,10
2015-08-31,Lee's Summit,9,Raymore-Peculiar,0
2015-08-31,Raytown,13,Raytown South,2
2015-08-31,Kirkwood,5,Ritenour,0
2015-08-31,Parkway North,2,Rockwood Summit,3
2015-08-31,Vienna,16,Salem,3
2015-08-31,Louisiana,6,Silex,9
2015-08-31,Odessa,3,St. Pius X (Kansas City),4
2015-08-31,East Buchanan,4,Vienna,5
2015-08-31,Wheatland,14,Westran,2
2015-08-31,Westran,4,Worth County,5
2015-08-31,Francis Howell Central,14,Timberland,6
2015-08-31,Portageville,6,St. Clair,0
2015-08-31,Jefferson (Festus),11,Valley Park,1
2015-08-31,Oak Grove,2,Warrensburg,1
2015-09-01,Princeton,5,Albany,3
2015-09-01,Dora,8,Bakersfield,3
2015-09-01,Hancock,19,Bayless,20
2015-09-01,Grandview,3,Belton,10
2015-09-01,Clayton,4,Bishop DuBourg,15
2015-09-01,Smithville,19,Bishop LeBlond,0
2015-09-01,Elsberry,0,Bowling Green,11
2015-09-01,Knox County,11,Brashear,0
2015-09-01,Winston,4,Braymer,14
2015-09-01,Macon,7,Brookfield,1
2015-09-01,Eldon,11,California,1
2015-09-01,West Plains,5,Camdenton,3
2015-09-01,Joplin,11,Carl Junction,1
2015-09-01,McDonald County,2,Carthage,3
2015-09-01,Park Hill,0,Central (St. Joseph),11
2015-09-01,Monroe City,0,Clark County,2
2015-09-01,Tuscumbia,2,Crocker,12
2015-09-01,Fair Play,6,Dadeville,10
2015-09-01,Iberia,7,Dixon,4
2015-09-01,East Prairie,1,East Carter,11
2015-09-01,Clinton,12,El Dorado Springs,0
2015-09-01,Affton,0,Eureka,11
2015-09-01,Odessa,3,Excelsior Springs,11
2015-09-01,Potosi,0,Farmington,16
2015-09-01,Hillsboro,10,Festus,5
2015-09-01,Ft. Zumwalt West,13,Francis Howell Central,4
2015-09-01,Central (Park Hills),19,Fredericktown,0
2015-09-01,Ft. Zumwalt South,6,Ft. Zumwalt East,3
2015-09-01,Slater,4,Fulton,1
2015-09-01,Maysville,3,Gallatin,4
2015-09-01,Novinger,0,Green City,15
2015-09-01,Moberly,6,Hannibal,5
2015-09-01,Norborne,18,Hardin-Central,1
2015-09-01,Pilot Grove,11,Harrisburg,6
2015-09-01,Oak Grove,7,Harrisonville,4
2015-09-01,DeSoto,18,Herculaneum,0
2015-09-01,Pacific,17,Hermann,0
2015-09-01,Kickapoo,9,Hillcrest,3
2015-09-01,Smithville,2,Hollister,15
2015-09-01,Walnut Grove,11,Humansville,2
2015-09-01,McCluer North,2,Incarnate Word Academy,12
2015-09-01,Fayette,4,Jamestown,6
2015-09-01,Fatima,0,Jefferson City,1
2015-09-01,Blue Springs,3,Kearney,4
2015-09-01,Marquette,8,Kirkwood,3
2015-09-01,Parkway Central,1,Kirkwood,11
2015-09-01,Holden,5,Knob Noster,12
2015-09-01,Atlanta,11,La Plata,12
2015-09-01,Oakville,17,Ladue Horton Watkins,1
2015-09-01,Chillicothe,2,Lafayette (St. Joseph),4
2015-09-01,Hazelwood West,0,Lafayette (Wildwood),16
2015-09-01,Carrollton,6,Lafayette County,2
2015-09-01,Nevada,17,Lamar,3
2015-09-01,Trenton,6,Lawson,1
2015-09-01,Waynesville,8,Lebanon,9
2015-09-01,Raymore-Peculiar,3,Lee's Summit North,1
2015-09-01,Blue Springs South,3,Lee's Summit West,4
2015-09-01,South Nodaway,11,Leeton,0
2015-09-01,Staley,5,Liberty,6
2015-09-01,Houston,6,Liberty (Mountain View),13
2015-09-01,Winfield,13,Liberty (Wentzville),2
2015-09-01,Parkway South,6,Lindbergh,2
2015-09-01,Ritenour,2,Lindbergh,5
2015-09-01,Bevier,1,Linn County,4
2015-09-01,Palmyra,3,Louisiana,0
2015-09-01,Westminster Christian Academy,21,Lutheran North,0
2015-09-01,Versailles,1,Macks Creek,12
2015-09-01,Hartville,0,Marion C. Early,10
2015-09-01,Montgomery County,13,Mark Twain,6
2015-09-01,Parkway Central,3,Marquette,15
2015-09-01,Boonville,16,Marshall,0
2015-09-01,Republic,14,Marshfield,0
2015-09-01,Cameron,6,Maryville,3
2015-09-01,Kirksville,3,Mexico,4
2015-09-01,Kelly,5,Naylor,3
2015-09-01,Poplar Bluff,10,Neelyville,1
2015-09-01,Northeast (Cairo),10,New Franklin,6
2015-09-01,Belle,3,Newburg,7
2015-09-01,Northeast Nodaway,1,North Andrew,3
2015-09-01,Fort Osage,13,North Kansas City,0
2015-09-01,Paris,2,North Shelby,12
2015-09-01,Liberty North,11,Oak Park,0
2015-09-01,Warsaw,6,Osage,7
2015-09-01,Buffalo,11,Parkview,4
2015-09-01,Windsor (Imperial),8,Parkway North,2
2015-09-01,Pattonville,6,Parkway North,2
2015-09-01,Ritenour,3,Parkway South,5
2015-09-01,Holt,6,Parkway West,2
2015-09-01,Webster Groves,10,Parkway West,1
2015-09-01,Windsor (Imperial),11,Pattonville,2
2015-09-01,Sikeston,4,Perryville,5
2015-09-01,Grain Valley,8,Pleasant Hill,4
2015-09-01,Vienna,3,Polo,2
2015-09-01,Notre Dame (Cape Girardeau),6,Portageville,2
2015-09-01,Penney,7,Putnam County,2
2015-09-01,Van Buren,12,Puxico,2
2015-09-01,Platte County,19,Raytown South,1
2015-09-01,Branson,2,Reeds Spring,5
2015-09-01,Lexington,6,Richmond,7
2015-09-01,Pleasant Hope,0,Rolla,7
2015-09-01,St. Dominic,20,Rosati-Kain,0
2015-09-01,Ava,2,Salem,11
2015-09-01,Benton,8,Savannah,6
2015-09-01,East Newton,8,Seneca,5
2015-09-01,Community,1,Silex,6
2015-09-01,Scotland County,2,South Shelby,10
2015-09-01,Warrenton,10,St. Charles,0
2015-09-01,Webb City,10,St. Clair,0
2015-09-01,Owensville,2,St. James,1
2015-09-01,Nerinx Hall,1,St. Joseph's Academy,11
2015-09-01,St. Teresa's Academy,1,St. Pius X (Kansas City),6
2015-09-01,North County,10,Ste. Genevieve,6
2015-09-01,Cuba,16,Warsaw,4
2015-09-01,Salem,0,Worth County,8
2015-09-01,Francis Howell North,7,Timberland,9
2015-09-01,Lutheran St. Charles,11,Trinity Catholic,2
2015-09-01,Francis Howell,0,Troy Buchanan,3
2015-09-01,Winnetonka,5,St. Charles,2
2015-09-01,Doniphan,0,St. Clair,9
2015-09-01,New Haven,0,Union,11
2015-09-01,Riverview Gardens,30,University City,11
2015-09-01,Mehlville,4,Ursuline Academy,1
2015-09-01,Brentwood,0,Valley Park,15
2015-09-01,Wellsville-Middletown,0,Van-Far,10
2015-09-01,John F. Kennedy,8,Veritas Christian Academy,4
2015-09-01,Russellville,3,Vienna,10
2015-09-01,Hermitage,8,Weaubleau,5
2015-09-01,Monett,1,Webb City,11
2015-09-01,Holt,10,Webster Groves,0
2015-09-01,Hallsville,3,Westran,11
2015-09-01,Bolivar,2,Willard,3
2015-09-01,Raytown,7,William Chrisman,8
2015-09-01,Gainesville,3,Willow Springs,5
2015-09-01,St. Elizabeth,0,Worth County,11
2015-09-01,North Callaway,11,Wright City,3
2015-09-02,Notre Dame (Cape Girardeau),15,Affton,0
2015-09-02,Father Tolton,3,Battle,13
2015-09-02,Notre Dame de Sion,1,Belton,14
2015-09-02,Savannah,6,Boonville,16
2015-09-02,Potosi,17,Bourbon,2
2015-09-02,Jackson,8,Central (Cape Girardeau),3
2015-09-02,Jefferson (Festus),0,Central (Park Hills),1
2015-09-02,Warsaw,0,Dixon,11
2015-09-02,Francis Howell Central,8,Ft. Zumwalt North,9
2015-09-02,O'Hara,1,Harrisonville,19
2015-09-02,McCluer,0,Hazelwood West,15
2015-09-02,Jefferson City,4,Helias Catholic,8
2015-09-02,North County,14,Herculaneum,0
2015-09-02,Farmington,5,Hillsboro,4
2015-09-02,Clayton,21,Jennings,6
2015-09-02,Glendale,0,Joplin,15
2015-09-02,Ozark,10,Kickapoo,7
2015-09-02,Webster Groves,3,Kirkwood,4
2015-09-02,Windsor (Imperial),5,Kirkwood,3
2015-09-02,Staley,0,Lee's Summit,3
2015-09-02,Liberty,1,Lee's Summit North,11
2015-09-02,Lee's Summit West,4,Liberty North,3
2015-09-02,Holt,5,Lindbergh,0
2015-09-02,Pattonville,7,Lindbergh,9
2015-09-02,Ursuline Academy,4,Lutheran South,0
2015-09-02,Holt,5,Marquette,4
2015-09-02,Pattonville,1,Marquette,14
2015-09-02,Hazelwood East,21,McCluer North,5
2015-09-02,Hancock,0,Mehlville,21
2015-09-02,North Andrew,0,North Platte,10
2015-09-02,Rosati-Kain,0,Notre Dame (St. Louis),10
2015-09-02,Park Hill,0,Oak Park,4
2015-09-02,Veritas Christian Academy,3,Orchard Farm,10
2015-09-02,Parkway West,8,Parkway Central,5
2015-09-02,Parkway North,11,Parkway Central,13
2015-09-02,Ritenour,13,Parkway North,10
2015-09-02,Webster Groves,0,Parkway South,12
2015-09-02,Windsor (Imperial),4,Parkway South,7
2015-09-02,Ritenour,4,Parkway West,1
2015-09-02,Blue Springs South,6,Platte County,3
2015-09-02,Naylor,5,Poplar Bluff,6
2015-09-02,Ruskin,1,Raytown South,16
2015-09-02,Hazelwood Central,1,Riverview Gardens,15
2015-09-02,Lafayette (Wildwood),3,Rockwood Summit,2
2015-09-02,Fox,1,Seckman,9
2015-09-02,Doniphan,7,Sikeston,8
2015-09-02,Duchesne,2,St. Joseph's Academy,12
2015-09-02,Oakville,11,St. Joseph's Academy,1
2015-09-02,Odessa,3,St. Pius X (Kansas City),4
2015-09-02,Mid-Buchanan,8,St. Teresa's Academy,5
2015-09-02,Bishop DuBourg,9,Trinity Catholic,4
2015-09-02,Fort Osage,7,St. Charles,5
2015-09-02,Eureka,13,Washington,2
2015-09-02,John F. Kennedy,3,Westminster Christian Academy,0
2015-09-02,Walnut Grove,4,Wheatland,9
2015-09-02,Central (St. Joseph),14,Winnetonka,4
2015-09-03,Van Buren,22,Alton,3
2015-09-03,Madison,0,Atlanta,10
2015-09-03,Willow Springs,6,Bakersfield,3
2015-09-03,Valley Park,17,Bayless,0
2015-09-03,Mehlville,8,Bishop DuBourg,3
2015-09-03,Raymore-Peculiar,2,Blue Springs South,3
2015-09-03,Reeds Spring,3,Bolivar,13
2015-09-03,Moberly,0,Boonville,8
2015-09-03,Webb City,3,Branson,4
2015-09-03,Jennings,15,Brentwood,13
2015-09-03,Highland,17,Brookfield,3
2015-09-03,Savannah,4,Cameron,3
2015-09-03,North Shelby,0,Canton,10
2015-09-03,Knob Noster,19,Carrollton,4
2015-09-03,Monett,16,Cassville,7
2015-09-03,Farmington,1,Central (Park Hills),0
2015-09-03,Macks Creek,2,Central (Springfield),6
2015-09-03,Ruskin,0,Central (St. Joseph),16
2015-09-03,Naylor,4,Chaffee,5
2015-09-03,Portageville,5,Chaffee,0
2015-09-03,Bishop LeBlond,1,Chillicothe,4
2015-09-03,Scotland County,4,Clark County,19
2015-09-03,Principia,5,Clayton,15
2015-09-03,Van-Far,14,Community,2
2015-09-03,Houston,5,Cuba,8
2015-09-03,Kelly,4,DeSoto,6
2015-09-03,Thayer,5,Dora,15
2015-09-03,Trinity Catholic,5,Duchesne,4
2015-09-03,St. Clair,5,East Carter,1
2015-09-03,Seneca,6,East Newton,3
2015-09-03,Hermitage,0,El Dorado Springs,9
2015-09-03,Blair Oaks,11,Eldon,1
2015-09-03,Clopton,14,Elsberry,0
2015-09-03,Van-Far,0,Eugene,5
2015-09-03,Worth County,7,Father Tolton,17
2015-09-03,St. Pius X (Festus),2,Festus,8
2015-09-03,Raytown,7,Fort Osage,0
2015-09-03,Ft. Zumwalt West,8,Francis Howell,2
2015-09-03,Francis Howell Central,4,Francis Howell North,14
2015-09-03,Ft. Zumwalt North,10,Ft. Zumwalt East,0
2015-09-03,Norborne,20,Glasgow,0
2015-09-03,Schuyler County,5,Hallsville,9
2015-09-03,Leeton,5,Hardin-Central,1
2015-09-03,Excelsior Springs,3,Harrisonville,8
2015-09-03,Jefferson (Festus),12,Herculaneum,1
2015-09-03,Southern Boone,11,Hickman,2
2015-09-03,Fayette,12,Higbee,1
2015-09-03,Camdenton,10,Hillcrest,0
2015-09-03,Lexington,4,Holden,7
2015-09-03,Marshfield,16,Hollister,3
2015-09-03,University City,0,Incarnate Word Academy,15
2015-09-03,Glendale,0,Joplin,15
2015-09-03,Perryville,1,Kelly,3
2015-09-03,Lebanon,3,Kickapoo,6
2015-09-03,Fulton,2,Kirksville,7
2015-09-03,Lindbergh,5,Kirkwood,6
2015-09-03,Marceline,10,La Plata,6
2015-09-03,Maryville,0,Lafayette (St. Joseph),10
2015-09-03,Hazelwood West,0,Lafayette (Wildwood),16
2015-09-03,Richmond,16,Lafayette County,3
2015-09-03,Richland,11,Laquey,1
2015-09-03,Penney,11,Lawson,0
2015-09-03,Blue Springs,3,Lee's Summit West,0
2015-09-03,Belle,5,Linn,6
2015-09-03,Buffalo,1,Logan-Rogersville,11
2015-09-03,Dadeville,1,Marion C. Early,11
2015-09-03,Bowling Green,15,Mark Twain,2
2015-09-03,Windsor (Imperial),12,Marquette,13
2015-09-03,Braymer,6,Maysville,14
2015-09-03,Aurora,1,McDonald County,14
2015-09-03,Hannibal,1,Mexico,11
2015-09-03,Wright City,1,Montgomery County,9
2015-09-03,Westran,4,New Franklin,0
2015-09-03,Hermann,14,New Haven,5
2015-09-03,Westran,1,Newburg,16
2015-09-03,South Nodaway,0,North Andrew,9
2015-09-03,Wellsville-Middletown,0,North Callaway,10
2015-09-03,Fredericktown,2,North County,14
2015-09-03,Oak Park,11,North Kansas City,1
2015-09-03,Lathrop,3,North Platte,5
2015-09-03,Harrisburg,4,Northeast (Cairo),14
2015-09-03,Gainesville,2,Norwood,7
2015-09-03,Pleasant Hill,2,Oak Grove,11
2015-09-03,Ft. Zumwalt South,1,Oakville,10
2015-09-03,Grain Valley,9,Odessa,5
2015-09-03,Nevada,15,O'Hara,0
2015-09-03,Versailles,0,Osage,11
2015-09-03,St. Clair,0,Owensville,15
2015-09-03,Nixa,5,Ozark,8
2015-09-03,Union,7,Pacific,2
2015-09-03,Monroe City,3,Palmyra,4
2015-09-03,St. Charles,0,Park Hill South,10
2015-09-03,Holt,7,Parkway South,2
2015-09-03,Webster Groves,6,Pattonville,3
2015-09-03,Grandview,1,Platte County,3
2015-09-03,Mid-Buchanan,0,Plattsburg,6
2015-09-03,Ava,1,Pleasant Hope,14
2015-09-03,Ste. Genevieve,1,Potosi,11
2015-09-03,Gallatin,12,Princeton,6
2015-09-03,Green City,1,Putnam County,12
2015-09-03,Winnetonka,4,Raytown South,6
2015-09-03,Carthage,1,Republic,7
2015-09-03,Metro,0,Riverview Gardens,15
2015-09-03,Parkview,1,Rolla,5
2015-09-03,St. Joseph's Academy,12,Rosati-Kain,0
2015-09-03,New Bloomfield,13,Russellville,0
2015-09-03,Milan,6,Schuyler County,5
2015-09-03,St. Joseph's Academy,7,Seckman,17
2015-09-03,Mansfield,14,Smithville,7
2015-09-03,Warrensburg,14,Savannah,6
2015-09-03,Benton,2,Smithville,8
2015-09-03,Tuscumbia,0,Slater,15
2015-09-03,Albany,8,St. Elizabeth,3
2015-09-03,Notre Dame (St. Louis),4,St. Dominic,14
2015-09-03,Clinton,18,St. Pius X (Kansas City),8
2015-09-03,William Chrisman,0,Staley,7
2015-09-03,St. James,3,Webb City,4
2015-09-03,South Nodaway,10,Summit Christian Academy,0
2015-09-03,North Harrison,15,Tri-County,0
2015-09-03,Timberland,1,Troy Buchanan,9
2015-09-03,Lutheran St. Charles,13,Veritas Christian Academy,0
2015-09-03,Liberty (Wentzville),0,Warrenton,12
2015-09-03,Waynesville,0,West Plains,8
2015-09-03,East Buchanan,18,West Platte,2
2015-09-03,Ladue Horton Watkins,2,Westminster Christian Academy,17
2015-09-03,Humansville,2,Wheatland,10
2015-09-03,Orchard Farm,1,Winfield,6
2015-09-03,Grundy County,0,Winston,15
2015-09-04,Jackson,11,Affton,1
2015-09-04,Northwest (Cedar Hill),16,Affton,1
2015-09-04,Gainesville,11,Bakersfield,7
2015-09-04,Brentwood,3,Bayless,21
2015-09-04,Novinger,23,Bevier,13
2015-09-04,John F. Kennedy,3,Bishop DuBourg,1
2015-09-04,Slater,0,Bowling Green,10
2015-09-04,Meadville,5,Brashear,9
2015-09-04,Wright City,9,Calvary Lutheran,6
2015-09-04,Soldan International Studies,9,Carnahan,14
2015-09-04,Rosati-Kain,8,Clayton,9
2015-09-04,Alton,0,East Carter,10
2015-09-04,Jamestown,1,Eugene,10
2015-09-04,Blair Oaks,17,Fatima,8
2015-09-04,Ft. Zumwalt South,4,Francis Howell North,15
2015-09-04,Hazelwood West,2,Ft. Zumwalt West,12
2015-09-04,Miller Career Academy,5,Gateway,15
2015-09-04,Lee's Summit,6,Grain Valley,0
2015-09-04,Dora,14,Hartville,3
2015-09-04,Macks Creek,9,Hermitage,8
2015-09-04,Belle,0,Iberia,10
2015-09-04,Camdenton,11,Jefferson City,7
2015-09-04,Liberty,2,Kearney,11
2015-09-04,Leeton,0,Knob Noster,1
2015-09-04,Liberty (Wentzville),11,Ladue Horton Watkins,1
2015-09-04,Humansville,8,Laquey,12
2015-09-04,Parkview,15,Lebanon,9
2015-09-04,Central (Cape Girardeau),6,Lindbergh,7
2015-09-04,Cor Jesu Academy,4,Lindbergh,9
2015-09-04,Glendale,2,Logan-Rogersville,17
2015-09-04,Notre Dame (St. Louis),1,Lutheran St. Charles,0
2015-09-04,Pilot Grove,12,Madison,7
2015-09-04,Hollister,0,Marion C. Early,15
2015-09-04,Canton,15,Marion County,5
2015-09-04,Trinity Catholic,25,McCluer,5
2015-09-04,University City,0,McCluer North,16
2015-09-04,Eureka,14,Mehlville,4
2015-09-04,Cleveland NJROTC,4,Metro,25
2015-09-04,McDonald County,1,Nixa,6
2015-09-04,Rockwood Summit,6,Parkway South,1
2015-09-04,Lutheran North,2,Principia,17
2015-09-04,Belton,12,Raytown,2
2015-09-04,St. Pius X (Festus),0,Republic,18
2015-09-04,Notre Dame (Cape Girardeau),1,Republic,4
2015-09-04,Westran,0,Smithville,15
2015-09-04,Grandview,3,St. Teresa's Academy,13
2015-09-04,Park Hill,0,Staley,12
2015-09-04,Notre Dame (Cape Girardeau),11,Ste. Genevieve,0
2015-09-04,St. Pius X (Festus),12,Ste. Genevieve,0
2015-09-04,Richland,9,Tuscumbia,6
2015-09-04,McCluer South-Berkeley,2,Valley Park,17
2015-09-04,Neelyville,7,Van Buren,8
2015-09-04,Halfway,0,Weaubleau,15
2015-09-04,Jefferson City,8,Webb City,7
2015-09-04,Helias Catholic,8,Webb City,7
2015-09-04,Norwood,2,West Plains,5
2015-09-05,Central (Cape Girardeau),8,Affton,5
2015-09-05,Nevada,19,Aurora,1
2015-09-05,Hickman,1,Blue Springs,9
2015-09-05,Palmyra,0,Bowling Green,4
2015-09-05,South Shelby,15,Brashear,2
2015-09-05,Scotland County,16,Brashear,4
2015-09-05,Highland,9,Brookfield,4
2015-09-05,St. Elizabeth,3,Brookfield,14
2015-09-05,Marion County,0,Canton,15
2015-09-05,Knox County,7,Canton,8
2015-09-05,Cor Jesu Academy,7,Central (Cape Girardeau),4
2015-09-05,Trenton,10,Chillicothe,2
2015-09-05,St. Elizabeth,0,Chillicothe,16
2015-09-05,Clark County,1,Chillicothe,5
2015-09-05,Kirksville,8,Chillicothe,2
2015-09-05,St. Elizabeth,1,Clark County,14
2015-09-05,Portageville,2,DeSoto,1
2015-09-05,Palmyra,2,Francis Howell Central,12
2015-09-05,Northwest (Cedar Hill),2,Jackson,4
2015-09-05,Cor Jesu Academy,2,Jackson,1
2015-09-05,Notre Dame (Cape Girardeau),12,Kelly,6
2015-09-05,Chaffee,1,Kelly,3
2015-09-05,Putnam County,6,Kirksville,11
2015-09-05,Highland,6,Kirksville,2
2015-09-05,Brookfield,3,Kirksville,5
2015-09-05,South Shelby,6,Knox County,3
2015-09-05,South Shelby,2,Monroe City,4
2015-09-05,Canton,7,Monroe City,0
2015-09-05,Scotland County,3,Monroe City,5
2015-09-05,Perryville,1,Naylor,11
2015-09-05,Knox County,16,Paris,0
2015-09-05,Marion County,4,Paris,5
2015-09-05,Scotland County,10,Paris,0
2015-09-05,St. Pius X (Festus),8,Perryville,7
2015-09-05,St. Pius X (Festus),0,Poplar Bluff,10
2015-09-05,Naylor,1,Poplar Bluff,8
2015-09-05,Republic,0,Portageville,4
2015-09-05,Ste. Genevieve,2,Portageville,19
2015-09-05,Brookfield,3,Putnam County,8
2015-09-05,Highland,14,Putnam County,0
2015-09-05,Clark County,14,Putnam County,2
2015-09-05,Notre Dame (Cape Girardeau),12,Sikeston,2
2015-09-05,Chaffee,7,Sikeston,0
2015-09-05,Highland,2,Trenton,1
2015-09-05,Clark County,1,Trenton,7
2015-09-05,St. Elizabeth,0,Trenton,16
2015-09-05,Jefferson City,6,Webb City,7
2015-09-05,Helias Catholic,5,Webb City,6
2015-09-07,Bishop LeBlond,0,Benton,4
2015-09-07,Blue Springs South,0,Blue Springs,1
2015-09-07,Pleasant Hope,7,Buffalo,4
2015-09-07,Republic,1,Cassville,0
2015-09-07,Liberty,5,Central (St. Joseph),7
2015-09-07,Ste. Genevieve,0,Festus,9
2015-09-07,Hannibal,15,Fulton,2
2015-09-07,Raytown South,1,Grandview,2
2015-09-07,Hazelwood West,12,Hazelwood East,1
2015-09-07,Battle,4,Hickman,10
2015-09-07,Lebanon,10,Marshfield,7
2015-09-07,Riverview Gardens,0,McCluer North,14
2015-09-07,Cleveland NJROTC,19,Miller Career Academy,18
2015-09-07,Webster Groves,2,Pattonville,6
2015-09-07,Parkway North,2,Rockwood Summit,3
2015-09-07,Carnahan,5,Roosevelt,17
2015-09-07,Highland,8,Schuyler County,1
2015-09-07,Lafayette (Wildwood),4,Seckman,11
2015-09-07,Norborne,15,Salem,0
2015-09-07,Eldon,10,Savannah,0
2015-09-07,Father Tolton,8,Westran,7
2015-09-08,Raytown South,0,Belton,3
2015-09-08,Bishop LeBlond,0,Benton,4
2015-09-08,Helias Catholic,0,Blair Oaks,7
2015-09-08,Montgomery County,0,Bowling Green,7
2015-09-08,Chillicothe,5,Cameron,0
2015-09-08,Sikeston,14,Central (Cape Girardeau),15
2015-09-08,Palmyra,2,Clark County,1
2015-09-08,North Callaway,1,Clopton,2
2015-09-08,North Andrew,4,DeKalb,8
2015-09-08,Festus,1,DeSoto,6
2015-09-08,Portageville,15,East Prairie,0
2015-09-08,Marion C. Early,2,El Dorado Springs,3
2015-09-08,North County,3,Farmington,7
2015-09-08,Kirkwood,0,Fox,11
2015-09-08,Francis Howell North,2,Francis Howell,3
2015-09-08,Timberland,10,Francis Howell Central,8
2015-09-08,Ste. Genevieve,18,Fredericktown,11
2015-09-08,Ft. Zumwalt North,9,Ft. Zumwalt South,10
2015-09-08,Troy Buchanan,3,Ft. Zumwalt West,4
2015-09-08,Moberly,4,Fulton,0
2015-09-08,Thayer,11,Gainesville,9
2015-09-08,St. Elizabeth,3,Gallatin,13
2015-09-08,Soldan International Studies,23,Gateway,2
2015-09-08,Linn County,1,Green City,2
2015-09-08,Osage,5,Hallsville,11
2015-09-08,Paris,4,Harrisburg,2
2015-09-08,Salem,10,Houston,1
2015-09-08,John F. Kennedy,1,Jefferson (Festus),2
2015-09-08,Puxico,0,Kelly,10
2015-09-08,Alton,15,Koshkonong,0
2015-09-08,Lee's Summit West,2,Lee's Summit,1
2015-09-08,Knob Noster,3,Lexington,2
2015-09-08,Park Hill South,6,Liberty,0
2015-09-08,Hollister,0,Logan-Rogersville,15
2015-09-08,Bishop DuBourg,10,Lutheran St. Charles,11
2015-09-08,Glasgow,10,Madison,0
2015-09-08,Northwest (Cedar Hill),7,Marquette,6
2015-09-08,Riverview Gardens,0,McCluer North,13
2015-09-08,Atlanta,11,Meadville,1
2015-09-08,Affton,0,Mehlville,12
2015-09-08,Centralia,1,Mexico,0
2015-09-08,Neelyville,5,Naylor,8
2015-09-08,Webb City,16,New Haven,0
2015-09-08,Iberia,10,Newburg,0
2015-09-08,South Shelby,14,North Shelby,4
2015-09-08,O'Hara,3,Notre Dame de Sion,13
2015-09-08,Staley,7,Oak Park,0
2015-09-08,Oak Grove,11,Odessa,0
2015-09-08,Owensville,0,Pacific,10
2015-09-08,Lindbergh,14,Parkway North,2
2015-09-08,Herculaneum,1,Perryville,12
2015-09-08,Harrisonville,0,Pleasant Hill,2
2015-09-08,Notre Dame (Cape Girardeau),4,Poplar Bluff,2
2015-09-08,Central (Park Hills),16,Potosi,0
2015-09-08,Liberty North,10,Raytown,2
2015-09-08,Bourbon,2,Richland,17
2015-09-08,Carrollton,0,Richmond,15
2015-09-08,Van-Far,17,Russellville,2
2015-09-08,Fayette,1,Schuyler County,11
2015-09-08,Maryville,2,Savannah,1
2015-09-08,Oakville,4,Seckman,2
2015-09-08,Cassville,3,Seneca,5
2015-09-08,Lafayette (St. Joseph),1,Smithville,3
2015-09-08,Slater,3,Southern Boone,6
2015-09-08,Orchard Farm,20,St. Charles,0
2015-09-08,Hermann,14,St. Clair,5
2015-09-08,Holt,5,St. Dominic,6
2015-09-08,Incarnate Word Academy,10,St. Joseph's Academy,3
2015-09-08,Wheatland,16,Westran,8
2015-09-08,Brookfield,2,Trenton,6
2015-09-08,McCluer,29,University City,11
2015-09-08,East Carter,0,Van Buren,13
2015-09-08,Elsberry,1,Van-Far,12
2015-09-08,Cuba,2,Vienna,6
2015-09-08,Ft. Zumwalt East,0,Washington,7
2015-09-08,Crocker,4,Waynesville,7
2015-09-08,Ozark,8,Webb City,1
2015-09-08,Liberty (Mountain View),5,Willow Springs,13
2015-09-09,Platte County,1,Blue Springs,7
2015-09-09,Smithville,1,Blue Springs South,16
2015-09-09,Mexico,6,Boonville,4
2015-09-09,Seckman,0,DeSoto,7
2015-09-09,Jackson,0,Farmington,5
2015-09-09,Ste. Genevieve,0,Festus,9
2015-09-09,Holt,10,Ft. Zumwalt North,3
2015-09-09,Excelsior Springs,2,Grain Valley,5
2015-09-09,Raytown South,1,Grandview,2
2015-09-09,Rockwood Summit,7,Hazelwood East,0
2015-09-09,Fair Play,0,Hermitage,16
2015-09-09,Atlanta,9,Higbee,2
2015-09-09,Glendale,8,Hillcrest,10
2015-09-09,Lafayette County,5,Holden,20
2015-09-09,Lutheran South,11,Incarnate Word Academy,16
2015-09-09,Bayless,0,Jefferson (Festus),20
2015-09-09,Hancock,17,Jennings,2
2015-09-09,Lee's Summit,5,Lee's Summit North,3
2015-09-09,Staley,10,Liberty North,3
2015-09-09,Knox County,4,Macon,3
2015-09-09,Parkway Central,0,Mehlville,0
2015-09-09,Lafayette (St. Joseph),5,Mid-Buchanan,3
2015-09-09,Roosevelt,0,Miller Career Academy,0
2015-09-09,Northeast (Cairo),0,Moberly,12
2015-09-09,Ladue Horton Watkins,4,Nerinx Hall,14
2015-09-09,Harrisburg,3,New Bloomfield,7
2015-09-09,Notre Dame (Cape Girardeau),7,North County,2
2015-09-09,South Shelby,14,North Shelby,4
2015-09-09,Kirkwood,0,Northwest (Cedar Hill),18
2015-09-09,Fort Osage,3,Oak Park,9
2015-09-09,Park Hill,0,Park Hill South,10
2015-09-09,Oakville,2,Parkway South,3
2015-09-09,Westminster Christian Academy,9,Parkway West,2
2015-09-09,Harrisonville,0,Pleasant Hill,2
2015-09-09,Belton,16,Raymore-Peculiar,13
2015-09-09,Fayette,1,Schuyler County,11
2015-09-09,Doniphan,7,Sikeston,8
2015-09-09,Metro,32,Soldan International Studies,7
2015-09-09,Lutheran St. Charles,2,St. Dominic,4
2015-09-09,Potosi,3,St. Pius X (Festus),4
2015-09-09,Summit Christian Academy,2,St. Teresa's Academy,6
2015-09-09,Laquey,2,Warsaw,4
2015-09-09,Palmyra,3,Troy Buchanan,9
2015-09-09,South Nodaway,12,Warsaw,1
2015-09-09,North Kansas City,5,William Chrisman,0
2015-09-09,Albany,6,Worth County,5
2015-09-10,Schuyler County,6,Atlanta,7
2015-09-10,Carl Junction,8,Aurora,0
2015-09-10,Logan-Rogersville,4,Ava,0
2015-09-10,Palmyra,0,Bowling Green,11
2015-09-10,Metro,26,Brentwood,4
2015-09-10,Pleasant Hope,7,Buffalo,4
2015-09-10,Versailles,6,California,8
2015-09-10,Smithville,12,Cameron,5
2015-09-10,Lexington,8,Carrollton,0
2015-09-10,Nixa,2,Carthage,6
2015-09-10,Ste. Genevieve,0,Central (Park Hills),10
2015-09-10,Park Hill South,3,Central (St. Joseph),0
2015-09-10,Brookfield,1,Centralia,11
2015-09-10,Van Buren,7,Chaffee,2
2015-09-10,Savannah,0,Chillicothe,4
2015-09-10,Wellsville-Middletown,2,Community,16
2015-09-10,Westran,1,Crocker,16
2015-09-10,Newburg,7,Dixon,10
2015-09-10,Cassville,5,East Newton,6
2015-09-10,North Callaway,15,Elsberry,2
2015-09-10,Oak Grove,3,Excelsior Springs,1
2015-09-10,Northwest (Cedar Hill),6,Fox,9
2015-09-10,Timberland,2,Francis Howell,12
2015-09-10,Ft. Zumwalt West,9,Francis Howell North,1
2015-09-10,Farmington,15,Fredericktown,0
2015-09-10,Holt,12,Ft. Zumwalt East,7
2015-09-10,Northeast (Cairo),12,Glasgow,2
2015-09-10,Kearney,7,Grandview,0
2015-09-10,Grain Valley,6,Harrisonville,5
2015-09-10,Hazelwood Central,21,Hazelwood East,2
2015-09-10,Clark County,3,Highland,0
2015-09-10,Parkview,3,Hillcrest,13
2015-09-10,Perryville,6,Hillsboro,9
2015-09-10,Laquey,8,Houston,6
2015-09-10,Waynesville,0,Iberia,9
2015-09-10,Calvary Lutheran,6,Jamestown,7
2015-09-10,Windsor (Imperial),3,Jefferson (Festus),0
2015-09-10,Hancock,17,Jennings,2
2015-09-10,Boonville,6,Kirksville,7
2015-09-10,Lafayette County,0,Knob Noster,1
2015-09-10,Milan,3,Knox County,2
2015-09-10,Bishop LeBlond,0,Lafayette (St. Joseph),7
2015-09-10,Mid-Buchanan,3,Lathrop,7
2015-09-10,East Buchanan,1,Lawson,5
2015-09-10,Humansville,5,Leeton,16
2015-09-10,Ruskin,0,Liberty,17
2015-09-10,East Carter,11,Liberty (Mountain View),5
2015-09-10,Orchard Farm,11,Liberty (Wentzville),12
2015-09-10,Fort Osage,1,Liberty North,11
2015-09-10,Tuscumbia,0,Linn,23
2015-09-10,Duchesne,1,Lutheran St. Charles,5
2015-09-10,Wheatland,4,Macks Creek,5
2015-09-10,Louisiana,0,Macon,10
2015-09-10,Harrisburg,2,Marceline,12
2015-09-10,Van-Far,1,Mark Twain,2
2015-09-10,Oakville,3,Marquette,10
2015-09-10,Lebanon,10,Marshfield,7
2015-09-10,Benton,14,Maryville,0
2015-09-10,Riverview Gardens,16,McCluer,1
2015-09-10,Hazelwood West,18,McCluer North,19
2015-09-10,Seckman,9,Mehlville,2
2015-09-10,Fulton,6,Mexico,8
2015-09-10,Marshall,0,Moberly,6
2015-09-10,Lamar,0,Monett,14
2015-09-10,South Shelby,0,Monroe City,2
2015-09-10,Clopton,1,Montgomery County,2
2015-09-10,Poplar Bluff,7,Naylor,2
2015-09-10,St. Clair,5,Neelyville,6
2015-09-10,Savannah,2,Nevada,6
2015-09-10,Fayette,2,New Franklin,9
2015-09-10,St. James,16,New Haven,0
2015-09-10,Staley,12,North Kansas City,0
2015-09-10,Linn County,11,North Shelby,10
2015-09-10,Hartville,0,Norwood,12
2015-09-10,St. Pius X (Kansas City),9,O'Hara,1
2015-09-10,Eugene,9,Osage,4
2015-09-10,Hermann,0,Owensville,4
2015-09-10,Republic,3,Ozark,0
2015-09-10,Schuyler County,21,Paris,0
2015-09-10,Lee's Summit West,17,Park Hill,1
2015-09-10,Notre Dame (St. Louis),7,Parkway Central,5
2015-09-10,St. Joseph's Academy,6,Parkway North,7
2015-09-10,Eureka,1,Parkway South,2
2015-09-10,Webster Groves,2,Pattonville,6
2015-09-10,Plattsburg,2,Penney,7
2015-09-10,Odessa,4,Pleasant Hill,7
2015-09-10,Sikeston,0,Portageville,11
2015-09-10,North County,0,Potosi,11
2015-09-10,Blue Springs,7,Raymore-Peculiar,1
2015-09-10,Oak Park,3,Raytown,4
2015-09-10,St. Charles,9,Raytown South,0
2015-09-10,Holden,2,Richmond,8
2015-09-10,Kirkwood,5,Ritenour,0
2015-09-10,Veritas Christian Academy,17,Rosati-Kain,3
2015-09-10,Cuba,4,Salem,5
2015-09-10,McDonald County,9,Seneca,6
2015-09-10,Wright City,6,Silex,5
2015-09-10,Hallsville,4,Slater,6
2015-09-10,Braymer,15,St. Elizabeth,4
2015-09-10,DeKalb,17,South Nodaway,0
2015-09-10,Gallatin,4,Vienna,2
2015-09-10,Madison,0,Worth County,12
2015-09-10,Pacific,8,Webb City,2
2015-09-10,Bakersfield,2,Thayer,11
2015-09-10,Bayless,1,Trinity Catholic,18
2015-09-10,Francis Howell Central,5,Troy Buchanan,11
2015-09-10,St. Clair,0,Union,15
2015-09-10,University City,8,Valley Park,23
2015-09-10,Clinton,9,Warrensburg,3
2015-09-10,Eldon,8,Warsaw,0
2015-09-10,Rolla,0,West Plains,3
2015-09-10,Webb City,2,Willard,4
2015-09-10,Mansfield,1,Willow Springs,16
2015-09-10,St. Charles,6,Winfield,9
2015-09-10,Platte County,12,Winnetonka,2
2015-09-11,Bakersfield,3,Alton,1
2015-09-11,Herculaneum,8,Bayless,3
2015-09-11,Crocker,5,Belle,2
2015-09-11,Atlanta,9,Bevier,0
2015-09-11,Rosati-Kain,22,Bishop DuBourg,18
2015-09-11,Blue Springs South,0,Blue Springs,1
2015-09-11,La Plata,13,Brashear,9
2015-09-11,Higbee,11,Calvary Lutheran,12
2015-09-11,Centralia,8,Camdenton,4
2015-09-11,Republic,3,Carthage,0
2015-09-11,Lebanon,3,Carthage,6
2015-09-11,Ste. Genevieve,0,Central (Park Hills),10
2015-09-11,Bishop LeBlond,1,Central (St. Joseph),14
2015-09-11,Jefferson City,0,Centralia,3
2015-09-11,Marion C. Early,7,Dadeville,0
2015-09-11,St. Pius X (Festus),1,DeSoto,16
2015-09-11,Cor Jesu Academy,16,Duchesne,1
2015-09-11,Fair Play,0,El Dorado Springs,11
2015-09-11,Lutheran South,3,Fatima,4
2015-09-11,Van-Far,4,Fox,9
2015-09-11,Lee's Summit North,1,Fox,7
2015-09-11,Hazelwood Central,0,Francis Howell North,16
2015-09-11,Ft. Zumwalt North,5,Ft. Zumwalt West,6
2015-09-11,Belton,7,Grandview,0
2015-09-11,Leeton,1,Halfway,9
2015-09-11,Affton,16,Hancock,0
2015-09-11,Lutheran South,12,Helias Catholic,20
2015-09-11,Westran,2,Hermitage,12
2015-09-11,Lee's Summit North,11,Hickman,1
2015-09-11,Van-Far,4,Hickman,13
2015-09-11,Ft. Zumwalt South,3,Holt,13
2015-09-11,Walnut Grove,8,Houston,10
2015-09-11,Macks Creek,3,Humansville,0
2015-09-11,Nixa,5,Kickapoo,6
2015-09-11,Monett,8,Kickapoo,5
2015-09-11,Republic,16,Lebanon,0
2015-09-11,Helias Catholic,0,Lee's Summit,8
2015-09-11,Fatima,2,Lee's Summit,12
2015-09-11,Slater,2,Linn,3
2015-09-11,Willard,1,Logan-Rogersville,2
2015-09-11,Madison,3,Marion County,5
2015-09-11,Francis Howell,9,Marquette,2
2015-09-11,Green City,18,Meadville,3
2015-09-11,Oakville,6,Mexico,5
2015-09-11,Metro,29,Miller Career Academy,2
2015-09-11,Nixa,8,Monett,0
2015-09-11,John F. Kennedy,11,Nerinx Hall,0
2015-09-11,Vienna,12,Newburg,7
2015-09-11,Westminster Christian Academy,1,Notre Dame (St. Louis),3
2015-09-11,Linn County,7,Novinger,6
2015-09-11,Park Hill South,10,Oak Grove,0
2015-09-11,William Chrisman,2,Oak Grove,4
2015-09-11,St. Teresa's Academy,12,Oak Park,5
2015-09-11,Raytown,5,Oak Park,9
2015-09-11,Blair Oaks,7,Oakville,2
2015-09-11,Rolla,0,Ozark,2
2015-09-11,Willard,9,Ozark,1
2015-09-11,Bolivar,3,Ozark,4
2015-09-11,Raymore-Peculiar,11,Park Hill,1
2015-09-11,Summit Christian Academy,9,Park Hill,11
2015-09-11,Liberty,17,Park Hill,0
2015-09-11,Fort Osage,0,Park Hill South,8
2015-09-11,Summit Christian Academy,9,Park Hill South,11
2015-09-11,Ladue Horton Watkins,8,Parkway Central,12
2015-09-11,Parkway North,4,Parkway West,6
2015-09-11,Hazelwood West,3,Pattonville,13
2015-09-11,Northeast (Cairo),8,Pilot Grove,5
2015-09-11,Staley,10,Pleasant Hill,0
2015-09-11,Liberty North,4,Raymore-Peculiar,2
2015-09-11,Winnetonka,8,Raytown,7
2015-09-11,Raytown,13,Raytown South,2
2015-09-11,Eureka,2,Rockwood Summit,0
2015-09-11,Bolivar,11,Rolla,1
2015-09-11,St. Dominic,20,Rosati-Kain,0
2015-09-11,Staley,4,Smithville,2
2015-09-11,Waynesville,14,Soldan International Studies,10
2015-09-11,California,0,Southern Boone,15
2015-09-11,Washington,19,St. Charles,2
2015-09-11,Ursuline Academy,16,St. Joseph's Academy,1
2015-09-11,Liberty North,15,Summit Christian Academy,0
2015-09-11,Parkway South,2,Troy Buchanan,3
2015-09-11,Smithville,6,Warrensburg,2
2015-09-11,Pleasant Hill,3,Warrensburg,2
2015-09-11,Lindbergh,2,Webster Groves,7
2015-09-11,Weaubleau,6,Wheatland,0
2015-09-11,Fort Osage,7,William Chrisman,6
2015-09-11,Trinity Catholic,6,Winfield,11
2015-09-11,St. Teresa's Academy,4,Winnetonka,6
2015-09-12,Liberty (Mountain View),9,Alton,14
2015-09-12,Mansfield,1,Alton,13
2015-09-12,Dora,12,Alton,1
2015-09-12,Jamestown,0,Atlanta,3
2015-09-12,Marshall,2,Atlanta,9
2015-09-12,Community,3,Atlanta,9
2015-09-12,East Newton,12,Aurora,2
2015-09-12,Lamar,7,Aurora,2
2015-09-12,Seneca,11,Aurora,6
2015-09-12,West Plains,18,Ava,5
2015-09-12,Willow Springs,11,Ava,2
2015-09-12,East Carter,5,Ava,0
2015-09-12,Mansfield,4,Bakersfield,10
2015-09-12,Thayer,7,Bakersfield,2
2015-09-12,Laquey,5,Bakersfield,3
2015-09-12,Bishop LeBlond,2,Benton,15
2015-09-12,Mark Twain,7,Bevier,0
2015-09-12,Willard,0,Bolivar,2
2015-09-12,Hickman,2,Camdenton,3
2015-09-12,Helias Catholic,4,Camdenton,6
2015-09-12,Republic,3,Carthage,0
2015-09-12,Lebanon,3,Carthage,6
2015-09-12,Willard,4,Carthage,3
2015-09-12,Kickapoo,9,Carthage,1
2015-09-12,Bishop LeBlond,2,Central (St. Joseph),12
2015-09-12,Lafayette (St. Joseph),6,Central (St. Joseph),8
2015-09-12,Benton,4,Central (St. Joseph),3
2015-09-12,Blair Oaks,3,Centralia,0
2015-09-12,Fox,3,Centralia,0
2015-09-12,Portageville,2,Chaffee,1
2015-09-12,Clinton,7,Chillicothe,5
2015-09-12,Notre Dame de Sion,2,Chillicothe,3
2015-09-12,Lexington,4,Chillicothe,6
2015-09-12,Lawson,2,Chillicothe,1
2015-09-12,Notre Dame de Sion,2,Clinton,8
2015-09-12,Cameron,1,Clinton,7
2015-09-12,Holden,6,Clinton,9
2015-09-12,New Franklin,4,Community,10
2015-09-12,Higbee,6,Community,9
2015-09-12,St. Joseph's Academy,5,Cuba,1
2015-09-12,Mid-Buchanan,0,DeKalb,10
2015-09-12,Maysville,4,DeKalb,7
2015-09-12,St. Joseph's Academy,7,Dixon,2
2015-09-12,Cuba,0,Dixon,2
2015-09-12,Thayer,1,Dora,8
2015-09-12,Laquey,0,Dora,12
2015-09-12,Mid-Buchanan,3,East Buchanan,6
2015-09-12,DeKalb,10,East Buchanan,8
2015-09-12,Maysville,17,East Buchanan,7
2015-09-12,Gainesville,3,East Carter,2
2015-09-12,Lamar,6,East Newton,5
2015-09-12,Seneca,4,East Newton,5
2015-09-12,St. Clair,12,East Prairie,0
2015-09-12,Neelyville,11,East Prairie,1
2015-09-12,Marion C. Early,6,El Dorado Springs,5
2015-09-12,Houston,1,El Dorado Springs,12
2015-09-12,Louisiana,8,Elsberry,7
2015-09-12,Veritas Christian Academy,3,Elsberry,4
2015-09-12,Battle,4,Elsberry,3
2015-09-12,Walnut Grove,4,Fair Play,7
2015-09-12,Lee's Summit,6,Fox,8
2015-09-12,Lee's Summit North,1,Fox,7
2015-09-12,Winfield,10,Francis Howell Central,5
2015-09-12,Francis Howell North,8,Francis Howell Central,3
2015-09-12,Washington,3,Francis Howell North,2
2015-09-12,Battle,11,Ft. Zumwalt East,1
2015-09-12,Willow Springs,0,Gainesville,11
2015-09-12,South Nodaway,2,Gallatin,12
2015-09-12,Notre Dame de Sion,4,Grain Valley,12
2015-09-12,Milan,1,Green City,0
2015-09-12,Novinger,5,Green City,9
2015-09-12,Meadville,2,Green City,15
2015-09-12,Tri-County,11,Grundy County,15
2015-09-12,Macks Creek,5,Halfway,3
2015-09-12,Weaubleau,12,Halfway,7
2015-09-12,Holt,5,Hannibal,3
2015-09-12,Northeast (Cairo),16,Harrisburg,1
2015-09-12,Trinity Catholic,17,Hazelwood Central,2
2015-09-12,St. Charles,11,Hazelwood Central,3
2015-09-12,Lutheran South,12,Helias Catholic,20
2015-09-12,Macks Creek,3,Hermitage,4
2015-09-12,Weaubleau,2,Hermitage,10
2015-09-12,New Franklin,12,Higbee,2
2015-09-12,Marshall,7,Higbee,2
2015-09-12,Lawson,2,Holden,10
2015-09-12,Cameron,2,Holden,7
2015-09-12,Pilot Grove,11,Houston,0
2015-09-12,Leeton,11,Humansville,4
2015-09-12,Westran,10,Humansville,11
2015-09-12,Farmington,5,Jackson,0
2015-09-12,Marshall,4,Jamestown,10
2015-09-12,New Franklin,3,Jamestown,4
2015-09-12,Lee's Summit North,7,Jefferson City,5
2015-09-12,Oakville,8,Jefferson City,5
2015-09-12,Webb City,6,Joplin,1
2015-09-12,Bolivar,2,Kickapoo,0
2015-09-12,Bishop LeBlond,0,Lafayette (St. Joseph),18
2015-09-12,Benton,4,Lafayette (St. Joseph),2
2015-09-12,Seneca,8,Lamar,0
2015-09-12,Thayer,0,Lathrop,17
2015-09-12,Plattsburg,1,Lathrop,9
2015-09-12,Grain Valley,0,Lawson,8
2015-09-12,Lexington,5,Lawson,6
2015-09-12,Blair Oaks,2,Lee's Summit,3
2015-09-12,Fatima,3,Lee's Summit North,4
2015-09-12,Wheatland,6,Leeton,11
2015-09-12,Odessa,5,Lexington,12
2015-09-12,Cameron,5,Lexington,4
2015-09-12,Thayer,16,Liberty (Mountain View),5
2015-09-12,Mansfield,7,Liberty (Mountain View),6
2015-09-12,Van-Far,10,Linn County,5
2015-09-12,Mark Twain,16,Linn County,2
2015-09-12,Republic,8,Logan-Rogersville,4
2015-09-12,Nixa,10,Logan-Rogersville,3
2015-09-12,Battle,8,Louisiana,5
2015-09-12,Silex,0,Louisiana,1
2015-09-12,Northeast (Cairo),4,Macon,12
2015-09-12,Marceline,3,Macon,7
2015-09-12,Moberly,0,Macon,11
2015-09-12,Laquey,13,Mansfield,3
2015-09-12,Northeast (Cairo),1,Marceline,11
2015-09-12,Pilot Grove,1,Marion C. Early,5
2015-09-12,North Shelby,5,Marion County,2
2015-09-12,Scotland County,9,Marion County,4
2015-09-12,Scotland County,2,Mark Twain,4
2015-09-12,Gainesville,5,Marshfield,6
2015-09-12,East Carter,1,Marshfield,11
2015-09-12,West Plains,10,Marshfield,3
2015-09-12,Vienna,6,Maryville,4
2015-09-12,North Andrew,12,Maryville,4
2015-09-12,Northeast Nodaway,5,Maryville,6
2015-09-12,Mid-Buchanan,7,Maysville,6
2015-09-12,Milan,12,Meadville,1
2015-09-12,Novinger,8,Meadville,6
2015-09-12,Lutheran South,10,Mexico,12
2015-09-12,Van-Far,1,Mexico,12
2015-09-12,Novinger,1,Milan,14
2015-09-12,Harrisburg,1,Moberly,11
2015-09-12,Palmyra,2,Moberly,4
2015-09-12,Rolla,2,Monett,7
2015-09-12,Puxico,0,Neelyville,10
2015-09-12,Father Tolton,25,New Haven,7
2015-09-12,Vienna,12,North Andrew,0
2015-09-12,Northeast Nodaway,8,North Andrew,10
2015-09-12,Winston,0,North Harrison,12
2015-09-12,Van-Far,3,North Shelby,0
2015-09-12,Vienna,12,Northeast Nodaway,1
2015-09-12,Smithville,2,Oak Grove,3
2015-09-12,St. Teresa's Academy,4,Oak Grove,5
2015-09-12,Park Hill,0,Oak Park,2
2015-09-12,Pleasant Hill,7,Oak Park,0
2015-09-12,Fatima,9,Oakville,7
2015-09-12,Notre Dame de Sion,4,Odessa,5
2015-09-12,Cameron,8,Odessa,6
2015-09-12,Grain Valley,1,Odessa,11
2015-09-12,New Haven,0,Owensville,10
2015-09-12,Father Tolton,5,Owensville,6
2015-09-12,Union,12,Owensville,9
2015-09-12,Republic,5,Ozark,2
2015-09-12,Lebanon,6,Ozark,13
2015-09-12,Nixa,2,Ozark,7
2015-09-12,Harrisburg,0,Palmyra,10
2015-09-12,Marceline,3,Palmyra,1
2015-09-12,Bevier,5,Paris,7
2015-09-12,Linn County,8,Paris,7
2015-09-12,North Shelby,9,Paris,4
2015-09-12,Fort Osage,8,Park Hill,3
2015-09-12,Staley,3,Park Hill South,5
2015-09-12,Liberty North,3,Park Hill South,0
2015-09-12,Pilot Grove,7,Parkview,4
2015-09-12,Fair Play,15,Parkview,9
2015-09-12,Windsor (Imperial),5,Perryville,1
2015-09-12,Polo,4,Plattsburg,6
2015-09-12,Fort Osage,3,Pleasant Hill,18
2015-09-12,Puxico,0,Portageville,17
2015-09-12,Salem,18,Potosi,0
2015-09-12,Van Buren,14,Potosi,1
2015-09-12,Jefferson (Festus),3,Potosi,2
2015-09-12,Smithville,8,Raymore-Peculiar,3
2015-09-12,St. Teresa's Academy,7,Raymore-Peculiar,5
2015-09-12,Summit Christian Academy,1,Raytown,19
2015-09-12,Warrensburg,8,Raytown,20
2015-09-12,Lebanon,4,Rolla,2
2015-09-12,Van Buren,14,Salem,6
2015-09-12,Jefferson (Festus),9,Salem,1
2015-09-12,Van-Far,3,Scotland County,8
2015-09-12,Neelyville,4,Sikeston,6
2015-09-12,Portageville,2,Sikeston,0
2015-09-12,Puxico,9,Sikeston,8
2015-09-12,St. Clair,7,Sikeston,10
2015-09-12,Ft. Zumwalt East,4,Silex,1
2015-09-12,Battle,4,Silex,6
2015-09-12,Worth County,5,South Nodaway,0
2015-09-12,Washington,19,St. Charles,2
2015-09-12,Van Buren,8,St. Clair,0
2015-09-12,Salem,16,St. Clair,4
2015-09-12,Jefferson (Festus),19,St. Clair,3
2015-09-12,Potosi,13,St. Clair,1
2015-09-12,Cuba,2,St. James,3
2015-09-12,Dixon,3,St. James,0
2015-09-12,St. Joseph's Academy,13,St. James,0
2015-09-12,Perryville,10,Ste. Genevieve,2
2015-09-12,Windsor (Imperial),13,Ste. Genevieve,2
2015-09-12,Wheatland,12,Westran,0
2015-09-12,Chaffee,11,St. Clair,1
2015-09-12,New Haven,3,Union,17
2015-09-12,Father Tolton,1,Union,11
2015-09-12,Ft. Zumwalt East,2,Ursuline Academy,1
2015-09-12,Battle,10,Ursuline Academy,8
2015-09-12,Jefferson (Festus),5,Van Buren,2
2015-09-12,Battle,6,Veritas Christian Academy,0
2015-09-12,William Chrisman,3,Warrensburg,6
2015-09-12,Winfield,5,Washington,6
2015-09-12,Willow Springs,2,West Plains,5
2015-09-12,Summit Christian Academy,1,William Chrisman,11
2015-09-12,Liberty North,9,Winnetonka,0
2015-09-12,Staley,7,Winnetonka,0
2015-09-14,Bishop DuBourg,2,Affton,8
2015-09-14,Polo,9,Albany,2
2015-09-14,Willow Springs,8,Alton,1
2015-09-14,Herculaneum,8,Bayless,3
2015-09-14,Bourbon,0,Belle,13
2015-09-14,Winnetonka,0,Belton,15
2015-09-14,Versailles,1,Blair Oaks,16
2015-09-14,Lee's Summit North,8,Blue Springs,4
2015-09-14,Fulton,0,Boonville,10
2015-09-14,Scotland County,11,Brashear,1
2015-09-14,Norborne,7,Braymer,0
2015-09-14,Osage,16,Buffalo,7
2015-09-14,Branson,12,Buffalo,0
2015-09-14,Pilot Grove,9,California,1
2015-09-14,Highland,3,Canton,2
2015-09-14,Parkview,3,Central (Springfield),6
2015-09-14,Grandview,2,Central (St. Joseph),12
2015-09-14,Brookfield,0,Clark County,7
2015-09-14,Soldan International Studies,31,Cleveland NJROTC,9
2015-09-14,Bolivar,5,Clinton,0
2015-09-14,Laquey,0,Crocker,10
2015-09-14,Warsaw,0,Cuba,15
2015-09-14,Central (Cape Girardeau),1,DeSoto,11
2015-09-14,Westran,1,Dixon,21
2015-09-14,Gainesville,4,Dora,11
2015-09-14,DeKalb,2,East Buchanan,1
2015-09-14,Lamar,1,El Dorado Springs,14
2015-09-14,Calvary Lutheran,2,Eugene,12
2015-09-14,Richmond,20,Excelsior Springs,7
2015-09-14,Westran,6,Fayette,0
2015-09-14,North County,3,Festus,2
2015-09-14,Eureka,0,Fox,9
2015-09-14,Mid-Buchanan,2,Gallatin,7
2015-09-14,Carnahan,6,Gateway,21
2015-09-14,Kirksville,7,Hannibal,5
2015-09-14,Thayer,3,Hardin-Central,6
2015-09-14,McCluer North,10,Hazelwood Central,8
2015-09-14,Riverview Gardens,1,Hazelwood West,11
2015-09-14,North Callaway,5,Helias Catholic,7
2015-09-14,Wheatland,7,Hermitage,9
2015-09-14,Joplin,10,Hillcrest,0
2015-09-14,Ft. Zumwalt South,5,Hillsboro,1
2015-09-14,Odessa,6,Holden,16
2015-09-14,Ava,10,Hollister,6
2015-09-14,Ft. Zumwalt East,2,Holt,3
2015-09-14,Smithville,11,Houston,17
2015-09-14,Rosati-Kain,5,Incarnate Word Academy,9
2015-09-14,Central (Park Hills),4,Jackson,2
2015-09-14,Trinity Catholic,1,John F. Kennedy,11
2015-09-14,Rolla,7,Kickapoo,13
2015-09-14,Rockwood Summit,4,Kirkwood,2
2015-09-14,Bakersfield,15,Koshkonong,1
2015-09-14,Bishop LeBlond,0,Lathrop,1
2015-09-14,Camdenton,8,Lebanon,0
2015-09-14,Blue Springs South,0,Lee's Summit,1
2015-09-14,Park Hill South,0,Lee's Summit West,1
2015-09-14,Chillicothe,2,Lexington,5
2015-09-14,St. Charles,4,Liberty,5
2015-09-14,Meadville,0,Linn County,7
2015-09-14,Bowling Green,10,Louisiana,0
2015-09-14,Brentwood,5,Lutheran North,17
2015-09-14,Francis Howell Central,6,Lutheran St. Charles,2
2015-09-14,Higbee,2,Madison,5
2015-09-14,Macks Creek,0,Marion C. Early,9
2015-09-14,Knox County,12,Marion County,1
2015-09-14,Mexico,17,Marshall,0
2015-09-14,Hazelwood East,11,McCluer,1
2015-09-14,Carl Junction,5,McDonald County,6
2015-09-14,Roosevelt,0,Metro,20
2015-09-14,Princeton,3,Milan,14
2015-09-14,Waynesville,30,Miller Career Academy,15
2015-09-14,Centralia,9,Monroe City,1
2015-09-14,East Carter,0,Neelyville,7
2015-09-14,Ursuline Academy,13,Nerinx Hall,1
2015-09-14,Monett,15,Nevada,1
2015-09-14,Slater,16,New Haven,4
2015-09-14,Penney,7,North Harrison,4
2015-09-14,Liberty North,12,North Kansas City,0
2015-09-14,Lafayette (Wildwood),4,Northwest (Cedar Hill),5
2015-09-14,Reeds Spring,8,Norwood,2
2015-09-14,Sikeston,2,Notre Dame (Cape Girardeau),7
2015-09-14,Smithville,10,Notre Dame de Sion,2
2015-09-14,Green City,14,Novinger,4
2015-09-14,O'Hara,0,Oak Grove,14
2015-09-14,William Chrisman,2,Oak Park,4
2015-09-14,Lindbergh,2,Oakville,0
2015-09-14,Branson,5,Osage,6
2015-09-14,Elsberry,0,Palmyra,11
2015-09-14,Fredericktown,1,Perryville,16
2015-09-14,Kearney,6,Platte County,1
2015-09-14,Trenton,6,Plattsburg,1
2015-09-14,Marshfield,8,Pleasant Hope,9
2015-09-14,Farmington,1,Poplar Bluff,4
2015-09-14,St. Clair,5,Potosi,11
2015-09-14,Park Hill,17,Ruskin,1
2015-09-14,Father Tolton,4,Schuyler County,10
2015-09-14,North Platte,3,Savannah,1
2015-09-14,Parkway South,6,Seckman,1
2015-09-14,Leeton,0,South Nodaway,10
2015-09-14,Union,1,Silex,2
2015-09-14,Battle,12,Savannah,8
2015-09-14,Macon,1,South Shelby,2
2015-09-14,Warrenton,7,St. Dominic,3
2015-09-14,Linn,3,Van-Far,2
2015-09-14,Raytown,1,Staley,11
2015-09-14,Atlanta,7,Worth County,6
2015-09-14,Knob Noster,12,Summit Christian Academy,2
2015-09-14,Francis Howell,12,Timberland,2
2015-09-14,Fatima,15,Tuscumbia,0
2015-09-14,Naylor,5,Van Buren,9
2015-09-14,Southern Boone,6,Van-Far,2
2015-09-14,Fair Play,5,Walnut Grove,11
2015-09-14,Grain Valley,2,Warrensburg,4
2015-09-14,Hallsville,9,Warsaw,4
2015-09-14,Ritenour,0,Webster Groves,4
2015-09-14,Hermann,5,Wellsville-Middletown,3
2015-09-14,Glendale,0,West Plains,12
2015-09-14,Lutheran South,16,Westminster Christian Academy,4
2015-09-15,Bakersfield,3,Alton,1
2015-09-15,Brashear,0,Atlanta,8
2015-09-15,Metro,14,Bayless,19
2015-09-15,Notre Dame de Sion,0,Benton,6
2015-09-15,Veritas Christian Academy,16,Bishop DuBourg,13
2015-09-15,Cameron,3,Bishop LeBlond,5
2015-09-15,Osage,0,Blair Oaks,10
2015-09-15,Lee's Summit North,2,Blue Springs South,1
2015-09-15,Logan-Rogersville,6,Bolivar,8
2015-09-15,Westran,1,Boonville,12
2015-09-15,Vienna,16,Bourbon,0
2015-09-15,Silex,1,Bowling Green,13
2015-09-15,Cassville,6,Carl Junction,15
2015-09-15,Willard,5,Carthage,3
2015-09-15,Louisiana,0,Centralia,17
2015-09-15,Schuyler County,3,Clark County,8
2015-09-15,Brentwood,0,Clayton,17
2015-09-15,Community,0,Clopton,10
2015-09-15,North Callaway,1,Clopton,2
2015-09-15,Iberia,1,Crocker,4
2015-09-15,Belle,4,Cuba,2
2015-09-15,Hillsboro,4,DeSoto,5
2015-09-15,East Carter,5,Doniphan,6
2015-09-15,St. Dominic,10,Duchesne,0
2015-09-15,Tuscumbia,1,Eugene,12
2015-09-15,Pleasant Hill,14,Excelsior Springs,6
2015-09-15,Hallsville,12,Father Tolton,15
2015-09-15,New Bloomfield,0,Fatima,2
2015-09-15,Perryville,3,Festus,18
2015-09-15,Staley,10,Fort Osage,0
2015-09-15,Francis Howell,11,Francis Howell Central,2
2015-09-15,Holt,11,Ft. Zumwalt South,4
2015-09-15,Battle,9,Fulton,5
2015-09-15,Worth County,2,Gallatin,9
2015-09-15,New Franklin,17,Glasgow,1
2015-09-15,Hollister,12,Glendale,7
2015-09-15,Winnetonka,11,Grandview,2
2015-09-15,Central (Springfield),0,Halfway,2
2015-09-15,Valley Park,21,Hancock,1
2015-09-15,Norborne,10,Hardin-Central,0
2015-09-15,Higbee,2,Harrisburg,12
2015-09-15,Ava,10,Hartville,2
2015-09-15,Webb City,17,Hermann,0
2015-09-15,Jefferson City,4,Hickman,1
2015-09-15,Carrollton,1,Holden,16
2015-09-15,Norwood,18,Houston,2
2015-09-15,St. Pius X (Festus),2,Jefferson (Festus),6
2015-09-15,Raytown South,0,Kearney,10
2015-09-15,Seckman,7,Kirkwood,5
2015-09-15,Richmond,11,Knob Noster,3
2015-09-15,Scotland County,5,Knox County,3
2015-09-15,Bevier,4,La Plata,19
2015-09-15,Pattonville,16,Ladue Horton Watkins,0
2015-09-15,North Platte,10,Lafayette (St. Joseph),6
2015-09-15,Parkway West,5,Lafayette (Wildwood),12
2015-09-15,Lexington,8,Lafayette County,0
2015-09-15,East Newton,11,Lamar,8
2015-09-15,Trenton,6,Lathrop,0
2015-09-15,Blue Springs,8,Lee's Summit,3
2015-09-15,Bakersfield,6,Liberty (Mountain View),10
2015-09-15,William Chrisman,0,Liberty North,14
2015-09-15,Mehlville,0,Marquette,17
2015-09-15,Buffalo,5,Marshfield,1
2015-09-15,Chillicothe,8,Maryville,1
2015-09-15,Princeton,0,Maysville,12
2015-09-15,Trinity Catholic,6,McCluer North,11
2015-09-15,Joplin,6,McDonald County,1
2015-09-15,Penney,16,Meadville,5
2015-09-15,Mexico,5,Moberly,6
2015-09-15,Seneca,7,Monett,6
2015-09-15,Van-Far,13,Newburg,3
2015-09-15,Central (Park Hills),12,North County,0
2015-09-15,Winston,0,North Harrison,12
2015-09-15,Worth County,0,Northeast (Cairo),14
2015-09-15,DeKalb,7,Northeast Nodaway,0
2015-09-15,Oakville,12,Northwest (Cedar Hill),3
2015-09-15,Grain Valley,0,Oak Grove,4
2015-09-15,Harrisonville,5,Odessa,1
2015-09-15,Warrenton,21,Orchard Farm,0
2015-09-15,Branson,2,Ozark,9
2015-09-15,New Haven,0,Pacific,10
2015-09-15,South Shelby,13,Palmyra,5
2015-09-15,Monroe City,10,Paris,0
2015-09-15,Liberty,17,Park Hill,0
2015-09-15,Incarnate Word Academy,5,Parkway North,15
2015-09-15,Belton,7,Platte County,0
2015-09-15,Jackson,0,Poplar Bluff,2
2015-09-15,Neelyville,0,Portageville,6
2015-09-15,Fredericktown,1,Potosi,11
2015-09-15,Cor Jesu Academy,20,Principia,4
2015-09-15,Lee's Summit West,5,Raymore-Peculiar,6
2015-09-15,Aurora,1,Reeds Spring,7
2015-09-15,Nixa,0,Republic,4
2015-09-15,Dixon,16,Richland,3
2015-09-15,Hazelwood West,2,Ritenour,4
2015-09-15,John F. Kennedy,19,Rosati-Kain,5
2015-09-15,Marceline,4,Schuyler County,3
2015-09-15,Marion C. Early,16,Smithville,0
2015-09-15,Madison,11,Salem,2
2015-09-15,Savannah,0,Smithville,9
2015-09-15,Fayette,0,Slater,7
2015-09-15,Liberty (Wentzville),12,St. Charles,2
2015-09-15,Notre Dame (St. Louis),1,St. Joseph's Academy,6
2015-09-15,St. Clair,4,St. James,12
2015-09-15,O'Hara,0,St. Pius X (Kansas City),15
2015-09-15,Farmington,16,Ste. Genevieve,2
2015-09-15,Ft. Zumwalt West,8,Timberland,3
2015-09-15,Grundy County,10,Tri-County,3
2015-09-15,Francis Howell North,4,Troy Buchanan,8
2015-09-15,Central (St. Joseph),9,St. Charles,6
2015-09-15,Kelly,14,St. Clair,4
2015-09-15,Owensville,3,Union,8
2015-09-15,Cleveland NJROTC,13,University City,16
2015-09-15,Montgomery County,4,Van-Far,3
2015-09-15,Russellville,3,Warsaw,6
2015-09-15,Ft. Zumwalt North,3,Washington,13
2015-09-15,Parkview,0,Waynesville,10
2015-09-15,El Dorado Springs,9,Weaubleau,1
2015-09-15,Elsberry,9,Wellsville-Middletown,2
2015-09-15,Van Buren,0,West Plains,6
2015-09-15,Parkway Central,2,Westminster Christian Academy,3
2015-09-15,Dora,3,Willow Springs,5
2015-09-15,Mark Twain,6,Wright City,11
2015-09-16,North Andrew,6,Albany,3
2015-09-16,St. Charles,5,Belton,15
2015-09-16,Pleasant Hope,3,Camdenton,5
2015-09-16,Metro,30,Carnahan,12
2015-09-16,Joplin,6,Carthage,3
2015-09-16,Ste. Genevieve,4,Central (Cape Girardeau),8
2015-09-16,Hancock,0,Clayton,15
2015-09-16,Oakville,7,Cor Jesu Academy,3
2015-09-16,North County,3,DeSoto,4
2015-09-16,South Nodaway,12,El Dorado Springs,1
2015-09-16,Harrisburg,10,Fayette,14
2015-09-16,Francis Howell Central,2,Ft. Zumwalt West,12
2015-09-16,Hazelwood Central,2,Hazelwood West,12
2015-09-16,Fox,6,Hickman,3
2015-09-16,University City,24,Jennings,23
2015-09-16,Parkview,0,Kickapoo,19
2015-09-16,Pattonville,14,Kirkwood,5
2015-09-16,South Nodaway,0,Lathrop,15
2015-09-16,Richland,1,Lebanon,11
2015-09-16,Ft. Zumwalt East,8,Liberty (Wentzville),13
2015-09-16,Iberia,6,Logan-Rogersville,3
2015-09-16,McCluer,1,McCluer North,16
2015-09-16,North Harrison,7,Milan,6
2015-09-16,Helias Catholic,9,Moberly,4
2015-09-16,Chaffee,4,Naylor,10
2015-09-16,Northwestern (Mendon),0,Norborne,11
2015-09-16,Hallsville,4,North Callaway,5
2015-09-16,Vienna,6,Northeast Nodaway,0
2015-09-16,Festus,3,Notre Dame (Cape Girardeau),7
2015-09-16,Bishop DuBourg,5,Notre Dame (St. Louis),2
2015-09-16,Lutheran North,0,Orchard Farm,22
2015-09-16,Marquette,19,Parkway West,2
2015-09-16,Jamestown,4,Pilot Grove,2
2015-09-16,North Kansas City,0,Raytown,12
2015-09-16,Hazelwood East,3,Riverview Gardens,18
2015-09-16,Pacific,5,Rockwood Summit,11
2015-09-16,West Platte,1,Savannah,7
2015-09-16,East Prairie,3,Sikeston,10
2015-09-16,Mark Twain,2,Silex,6
2015-09-16,Miller Career Academy,24,Soldan International Studies,10
2015-09-16,Trinity Catholic,0,St. Joseph's Academy,10
2015-09-16,St. Dominic,12,St. Joseph's Academy,0
2015-09-16,Notre Dame de Sion,0,St. Teresa's Academy,2
2015-09-16,Platte County,6,Staley,3
2015-09-16,Northwest (Cedar Hill),11,Webb City,2
2015-09-16,St. Pius X (Kansas City),9,Summit Christian Academy,2
2015-09-16,Gateway,11,Waynesville,20
2015-09-16,Warrenton,5,Washington,2
2015-09-16,Parkway North,7,Webster Groves,10
2015-09-16,Central (Springfield),9,Wheatland,1
2015-09-16,Oak Park,0,Winnetonka,1
2015-09-16,Community,3,Wright City,13
2015-09-17,Parkway West,10,Affton,2
2015-09-17,Gallatin,3,Albany,0
2015-09-17,Thayer,8,Ava,3
2015-09-17,Mexico,0,Battle,3
2015-09-17,Lee's Summit West,1,Blue Springs South,3
2015-09-17,Van-Far,0,Bowling Green,12
2015-09-17,Halfway,10,Buffalo,11
2015-09-17,Rolla,0,Camdenton,13
2015-09-17,Lafayette (St. Joseph),14,Cameron,13
2015-09-17,Lafayette County,5,Carrollton,11
2015-09-17,Aurora,1,Cassville,5
2015-09-17,Fredericktown,0,Central (Park Hills),15
2015-09-17,Sikeston,1,Chaffee,10
2015-09-17,Benton,7,Chillicothe,1
2015-09-17,O'Hara,0,Clinton,15
2015-09-17,Elsberry,2,Community,10
2015-09-17,Newburg,0,Crocker,9
2015-09-17,Koshkonong,0,Dora,10
2015-09-17,Plattsburg,10,East Buchanan,9
2015-09-17,Poplar Bluff,11,East Carter,1
2015-09-17,Seckman,0,Eureka,7
2015-09-17,Weaubleau,16,Fair Play,5
2015-09-17,Harrisburg,1,Father Tolton,17
2015-09-17,Paris,0,Fayette,9
2015-09-17,North Kansas City,6,Fort Osage,8
2015-09-17,Oakville,5,Fox,1
2015-09-17,Troy Buchanan,2,Francis Howell,6
2015-09-17,Timberland,10,Francis Howell North,7
2015-09-17,Ft. Zumwalt East,2,Ft. Zumwalt South,14
2015-09-17,Marshall,4,Fulton,11
2015-09-17,Willow Springs,3,Gainesville,13
2015-09-17,Pilot Grove,14,Glasgow,3
2015-09-17,Pleasant Hill,7,Grain Valley,4
2015-09-17,Notre Dame de Sion,2,Grandview,12
2015-09-17,Belton,7,Grandview,0
2015-09-17,Southern Boone,12,Hallsville,3
2015-09-17,Brentwood,5,Hancock,14
2015-09-17,Boonville,8,Hannibal,3
2015-09-17,Westran,0,Hermitage,15
2015-09-17,Logan-Rogersville,16,Hillcrest,0
2015-09-17,Herculaneum,0,Hillsboro,15
2015-09-17,Perryville,6,Hillsboro,9
2015-09-17,Knob Noster,4,Holden,8
2015-09-17,Reeds Spring,12,Hollister,0
2015-09-17,Ft. Zumwalt North,1,Holt,6
2015-09-17,Cor Jesu Academy,11,Incarnate Word Academy,3
2015-09-17,Central (Cape Girardeau),4,Jefferson (Festus),8
2015-09-17,Blair Oaks,8,Jefferson City,7
2015-09-17,McCluer South-Berkeley,9,Jennings,20
2015-09-17,Staley,7,Kearney,4
2015-09-17,Moberly,2,Kirksville,1
2015-09-17,Ursuline Academy,8,Kirkwood,6
2015-09-17,North Shelby,4,Knox County,11
2015-09-17,Green City,9,La Plata,1
2015-09-17,Clayton,13,Ladue Horton Watkins,14
2015-09-17,Marquette,12,Lafayette (Wildwood),2
2015-09-17,Hartville,11,Laquey,6
2015-09-17,Lathrop,11,Lawson,0
2015-09-17,Richmond,1,Lexington,4
2015-09-17,Mansfield,7,Liberty (Mountain View),17
2015-09-17,Oak Park,1,Liberty North,5
2015-09-17,Cuba,3,Linn,11
2015-09-17,South Shelby,9,Louisiana,1
2015-09-17,McCluer,20,Lutheran North,4
2015-09-17,Nerinx Hall,0,Lutheran South,15
2015-09-17,John F. Kennedy,5,Lutheran St. Charles,0
2015-09-17,Northeast (Cairo),12,Madison,1
2015-09-17,Wellsville-Middletown,11,Mark Twain,12
2015-09-17,Northwest (Cedar Hill),8,Mehlville,3
2015-09-17,North Platte,8,Mid-Buchanan,0
2015-09-17,Marceline,4,Milan,3
2015-09-17,Bolivar,5,Monett,6
2015-09-17,Brookfield,0,Monroe City,9
2015-09-17,North Callaway,8,Montgomery County,1
2015-09-17,Doniphan,2,Neelyville,5
2015-09-17,Warrensburg,4,Nevada,3
2015-09-17,Eugene,7,New Bloomfield,9
2015-09-17,Worth County,2,New Franklin,3
2015-09-17,Branson,6,Nixa,13
2015-09-17,Ste. Genevieve,2,North County,5
2015-09-17,Jackson,2,Notre Dame (Cape Girardeau),4
2015-09-17,Meadville,3,Novinger,8
2015-09-17,Excelsior Springs,6,Odessa,9
2015-09-17,Vienna,4,Osage,5
2015-09-17,Webb City,3,Owensville,8
2015-09-17,Macon,6,Palmyra,1
2015-09-17,Central (St. Joseph),21,Park Hill,4
2015-09-17,Seneca,12,Parkview,0
2015-09-17,Westminster Christian Academy,7,Parkway North,5
2015-09-17,Lindbergh,0,Parkway South,1
2015-09-17,Smithville,2,Pleasant Hope,16
2015-09-17,Princeton,1,Polo,11
2015-09-17,Farmington,18,Potosi,0
2015-09-17,Notre Dame (St. Louis),14,Principia,1
2015-09-17,St. Clair,12,Puxico,2
2015-09-17,Lee's Summit North,4,Raymore-Peculiar,1
2015-09-17,William Chrisman,0,Raytown,10
2015-09-17,Belle,3,Richland,7
2015-09-17,Rockwood Summit,5,Ritenour,4
2015-09-17,Duchesne,8,Rosati-Kain,2
2015-09-17,Bishop LeBlond,3,Savannah,4
2015-09-17,Oak Grove,5,South Nodaway,2
2015-09-17,Higbee,4,Salem,6
2015-09-17,Maryville,0,Smithville,10
2015-09-17,Metro,32,Soldan International Studies,9
2015-09-17,Maysville,16,St. Elizabeth,0
2015-09-17,New Haven,6,St. Clair,8
2015-09-17,St. Joseph's Academy,0,St. Dominic,12
2015-09-17,Slater,9,Van-Far,2
2015-09-17,Pacific,10,St. James,3
2015-09-17,Perryville,12,St. Pius X (Festus),7
2015-09-17,Savannah,1,St. Pius X (Kansas City),4
2015-09-17,Salem,16,Warsaw,2
2015-09-17,Winnetonka,13,Summit Christian Academy,4
2015-09-17,Lee's Summit,11,St. Charles,0
2015-09-17,Hermann,0,Union,15
2015-09-17,Wright City,10,Valley Park,2
2015-09-17,Trinity Catholic,3,Veritas Christian Academy,8
2015-09-17,Russellville,2,Versailles,17
2015-09-17,Marion C. Early,17,Walnut Grove,1
2015-09-17,St. Charles,0,Warrenton,15
2015-09-17,Glendale,1,Waynesville,17
2015-09-17,Carthage,3,Webb City,9
2015-09-17,Lebanon,3,West Plains,4
2015-09-17,Penney,14,West Platte,0
2015-09-17,Schuyler County,15,Westran,1
2015-09-17,Macks Creek,11,Wheatland,0
2015-09-17,Republic,4,Willard,3
2015-09-17,Braymer,11,Worth County,5
2015-09-18,Linn County,0,Atlanta,15
2015-09-18,University City,1,Bayless,16
2015-09-18,Ft. Zumwalt West,8,Blue Springs,4
2015-09-18,South Nodaway,2,Blue Springs South,7
2015-09-18,Odessa,0,Blue Springs South,5
2015-09-18,Miller Career Academy,0,Carnahan,0
2015-09-18,Clinton,0,Centralia,11
2015-09-18,St. Teresa's Academy,7,Clinton,8
2015-09-18,Warsaw,0,Eugene,8
2015-09-18,Hermitage,7,Fair Play,2
2015-09-18,Linn,4,Fatima,5
2015-09-18,St. Charles,0,Fox,18
2015-09-18,Webb City,2,Francis Howell,6
2015-09-18,Duchesne,5,Ft. Zumwalt North,10
2015-09-18,Eldon,4,Fulton,3
2015-09-18,Alton,2,Gainesville,5
2015-09-18,Liberty North,11,Grain Valley,0
2015-09-18,Nixa,3,Grain Valley,7
2015-09-18,Macks Creek,5,Halfway,0
2015-09-18,Holden,6,Harrisonville,7
2015-09-18,McCluer South-Berkeley,9,Hazelwood East,11
2015-09-18,Winfield,7,Hazelwood West,3
2015-09-18,Seckman,4,Hillsboro,3
2015-09-18,Warrensburg,5,Holden,3
2015-09-18,Pleasant Hope,0,Iberia,6
2015-09-18,Lutheran North,1,John F. Kennedy,11
2015-09-18,Lindbergh,5,Lafayette (Wildwood),3
2015-09-18,Willard,1,Lee's Summit West,4
2015-09-18,William Chrisman,0,Lee's Summit West,16
2015-09-18,Wheatland,2,Leeton,5
2015-09-18,Rolla,0,Logan-Rogersville,10
2015-09-18,Houston,10,Mansfield,4
2015-09-18,Canton,8,Mark Twain,3
2015-09-18,Oakville,3,Marquette,9
2015-09-18,Kirkwood,16,McCluer,0
2015-09-18,Parkway West,11,Mehlville,6
2015-09-18,Versailles,2,New Bloomfield,12
2015-09-18,Liberty North,7,Nixa,0
2015-09-18,Smithville,7,Nixa,3
2015-09-18,DeSoto,4,Notre Dame (Cape Girardeau),9
2015-09-18,South Nodaway,3,Odessa,1
2015-09-18,Webster Groves,0,Ozark,14
2015-09-18,Fort Osage,1,Ozark,10
2015-09-18,Pleasant Hill,0,Ozark,8
2015-09-18,Parkway South,10,Parkway Central,0
2015-09-18,Pattonville,5,Parkway North,3
2015-09-18,Webb City,2,Platte County,6
2015-09-18,Ruskin,0,Raytown,17
2015-09-18,Kickapoo,2,Republic,3
2015-09-18,Waynesville,7,Salem,1
2015-09-18,Clopton,7,Silex,0
2015-09-18,Liberty North,4,Smithville,0
2015-09-18,Roosevelt,14,Soldan International Studies,16
2015-09-18,Russellville,3,Southern Boone,11
2015-09-18,Warsaw,5,St. Clair,8
2015-09-18,Bourbon,1,St. James,12
2015-09-18,Tuscumbia,20,Westran,1
2015-09-18,Trinity Catholic,6,Union,12
2015-09-18,Fort Osage,3,Webster Groves,13
2015-09-18,Pleasant Hill,4,Webster Groves,5
2015-09-18,Timberland,7,Willard,5
2015-09-19,South Nodaway,1,Albany,16
2015-09-19,North Andrew,6,Albany,3
2015-09-19,Marion C. Early,11,Alton,4
2015-09-19,Smithville,2,Alton,0
2015-09-19,Hartville,9,Alton,4
2015-09-19,Bevier,1,Atlanta,13
2015-09-19,Linn County,1,Atlanta,11
2015-09-19,Schuyler County,10,Atlanta,3
2015-09-19,Hollister,2,Ava,17
2015-09-19,Central (Springfield),3,Ava,4
2015-09-19,Herculaneum,11,Bayless,1
2015-09-19,Valley Park,25,Bayless,0
2015-09-19,Linn,14,Belle,1
2015-09-19,Calvary Lutheran,3,Belle,13
2015-09-19,Linn County,4,Bevier,5
2015-09-19,La Plata,13,Bevier,0
2015-09-19,St. Charles,3,Blue Springs,18
2015-09-19,Odessa,0,Blue Springs South,5
2015-09-19,South Nodaway,2,Blue Springs South,7
2015-09-19,Branson,1,Bolivar,6
2015-09-19,Marceline,9,Brookfield,1
2015-09-19,St. Elizabeth,1,Brookfield,7
2015-09-19,Iberia,5,Buffalo,0
2015-09-19,Osage,5,Buffalo,3
2015-09-19,Iberia,2,Camdenton,8
2015-09-19,Schuyler County,7,Canton,6
2015-09-19,South Shelby,3,Canton,7
2015-09-19,North Platte,8,Carrollton,1
2015-09-19,Westran,10,Carrollton,0
2015-09-19,Putnam County,15,Carrollton,9
2015-09-19,Penney,7,Carrollton,1
2015-09-19,Hillcrest,9,Cassville,10
2015-09-19,Bolivar,4,Cassville,0
2015-09-19,Reeds Spring,4,Cassville,5
2015-09-19,McDonald County,10,Cassville,2
2015-09-19,Notre Dame (Cape Girardeau),10,Central (Cape Girardeau),0
2015-09-19,Neelyville,11,Central (Cape Girardeau),5
2015-09-19,Hollister,8,Central (Springfield),4
2015-09-19,St. Teresa's Academy,1,Centralia,2
2015-09-19,Clinton,0,Centralia,11
2015-09-19,Macon,9,Chillicothe,2
2015-09-19,Putnam County,0,Chillicothe,11
2015-09-19,Excelsior Springs,3,Chillicothe,7
2015-09-19,Westran,1,Chillicothe,11
2015-09-19,Schuyler County,4,Clark County,0
2015-09-19,South Shelby,10,Clark County,0
2015-09-19,North Shelby,0,Clark County,8
2015-09-19,St. Teresa's Academy,7,Clinton,8
2015-09-19,Highland,4,Clopton,0
2015-09-19,Van-Far,2,Clopton,4
2015-09-19,Schuyler County,20,Community,2
2015-09-19,Madison,1,Community,11
2015-09-19,North Shelby,0,Community,15
2015-09-19,Cuba,0,Crocker,3
2015-09-19,Vienna,0,Crocker,2
2015-09-19,Vienna,9,Cuba,2
2015-09-19,Fair Play,7,Dadeville,6
2015-09-19,Halfway,12,Dadeville,4
2015-09-19,Trinity Catholic,9,Duchesne,4
2015-09-19,El Dorado Springs,6,East Newton,5
2015-09-19,Walnut Grove,2,East Newton,15
2015-09-19,Lamar,4,East Newton,8
2015-09-19,Walnut Grove,1,El Dorado Springs,11
2015-09-19,New Bloomfield,3,Eldon,0
2015-09-19,Eugene,1,Eldon,2
2015-09-19,Monroe City,8,Elsberry,1
2015-09-19,Father Tolton,18,Elsberry,3
2015-09-19,Wellsville-Middletown,2,Elsberry,8
2015-09-19,Liberty,2,Eureka,7
2015-09-19,Savannah,0,Eureka,10
2015-09-19,Helias Catholic,2,Eureka,8
2015-09-19,Norborne,17,Excelsior Springs,2
2015-09-19,Penney,4,Excelsior Springs,6
2015-09-19,Wheatland,12,Fair Play,9
2015-09-19,Walnut Grove,4,Fair Play,7
2015-09-19,Jamestown,5,Fayette,1
2015-09-19,Winfield,6,Fox,8
2015-09-19,Liberty (Wentzville),6,Ft. Zumwalt East,0
2015-09-19,Fox,5,Ft. Zumwalt North,8
2015-09-19,Union,2,Ft. Zumwalt North,7
2015-09-19,St. Charles,5,Ft. Zumwalt West,20
2015-09-19,Warsaw,2,Fulton,11
2015-09-19,Versailles,4,Fulton,15
2015-09-19,Smithville,3,Gainesville,10
2015-09-19,Hartville,4,Gainesville,8
2015-09-19,Jamestown,14,Glasgow,12
2015-09-19,Worth County,24,Glasgow,1
2015-09-19,Houston,20,Glendale,19
2015-09-19,St. James,14,Glendale,2
2015-09-19,Newburg,22,Glendale,8
2015-09-19,Liberty North,11,Grain Valley,0
2015-09-19,Nixa,3,Grain Valley,7
2015-09-19,Smithville,5,Grain Valley,1
2015-09-19,Wheatland,5,Halfway,6
2015-09-19,New Haven,16,Hancock,0
2015-09-19,Montgomery County,8,Hancock,0
2015-09-19,Warsaw,18,Hancock,5
2015-09-19,Warrenton,15,Hannibal,3
2015-09-19,Ft. Zumwalt East,2,Hannibal,16
2015-09-19,Liberty (Wentzville),5,Hannibal,8
2015-09-19,Holden,6,Harrisonville,7
2015-09-19,Warrensburg,2,Harrisonville,4
2015-09-19,Van Buren,11,Hartville,0
2015-09-19,Trinity Catholic,6,Hazelwood West,9
2015-09-19,St. Charles,0,Hazelwood West,1
2015-09-19,Valley Park,5,Herculaneum,2
2015-09-19,New Haven,0,Hermann,8
2015-09-19,Warsaw,2,Hermann,10
2015-09-19,Belle,13,Hermann,1
2015-09-19,Leeton,8,Hermitage,6
2015-09-19,Weaubleau,4,Hermitage,12
2015-09-19,North Callaway,2,Hickman,8
2015-09-19,Bolivar,11,Hillcrest,5
2015-09-19,Lebanon,17,Hillcrest,2
2015-09-19,West Plains,15,Hillcrest,5
2015-09-19,Warrensburg,5,Holden,3
2015-09-19,Newburg,4,Houston,2
2015-09-19,Notre Dame (Cape Girardeau),6,Jackson,3
2015-09-19,Kelly,3,Jackson,4
2015-09-19,Neelyville,0,Jackson,9
2015-09-19,Central (Cape Girardeau),1,Jackson,3
2015-09-19,Worth County,9,Jamestown,0
2015-09-19,Notre Dame (Cape Girardeau),4,Kelly,1
2015-09-19,Central (Cape Girardeau),2,Kelly,4
2015-09-19,Neelyville,2,Kelly,4
2015-09-19,McDonald County,0,Kickapoo,5
2015-09-19,West Plains,5,Kickapoo,10
2015-09-19,Bolivar,6,Kickapoo,4
2015-09-19,Branson,2,Kickapoo,8
2015-09-19,Novinger,5,La Plata,9
2015-09-19,Nevada,8,Lafayette County,9
2015-09-19,Raymore-Peculiar,15,Lafayette County,0
2015-09-19,El Dorado Springs,8,Lamar,10
2015-09-19,Walnut Grove,1,Lamar,9
2015-09-19,North Andrew,0,Lathrop,8
2015-09-19,Plattsburg,0,Lathrop,5
2015-09-19,South Nodaway,0,Lathrop,15
2015-09-19,Branson,16,Lebanon,1
2015-09-19,Timberland,0,Lee's Summit West,16
2015-09-19,Willard,1,Lee's Summit West,4
2015-09-19,William Chrisman,0,Lee's Summit West,15
2015-09-19,Macks Creek,0,Leeton,11
2015-09-19,Savannah,2,Liberty,10
2015-09-19,Helias Catholic,3,Liberty,4
2015-09-19,Montgomery County,3,Linn,4
2015-09-19,Novinger,1,Linn County,11
2015-09-19,Pleasant Hope,4,Logan-Rogersville,7
2015-09-19,Father Tolton,1,Louisiana,7
2015-09-19,Clopton,5,Louisiana,2
2015-09-19,Monroe City,6,Louisiana,2
2015-09-19,Veritas Christian Academy,4,Lutheran St. Charles,5
2015-09-19,Weaubleau,3,Macks Creek,6
2015-09-19,North Platte,2,Macon,1
2015-09-19,Putnam County,2,Macon,4
2015-09-19,Norborne,2,Macon,0
2015-09-19,South Shelby,15,Madison,0
2015-09-19,North Harrison,9,Marceline,5
2015-09-19,Richmond,13,Marceline,0
2015-09-19,Van Buren,6,Marion C. Early,2
2015-09-19,Norwood,5,Marion C. Early,7
2015-09-19,West Plains,0,McDonald County,12
2015-09-19,Reeds Spring,0,McDonald County,3
2015-09-19,St. Elizabeth,3,Milan,4
2015-09-19,Highland,4,Monroe City,3
2015-09-19,Calvary Lutheran,1,Montgomery County,12
2015-09-19,Notre Dame (Cape Girardeau),4,Neelyville,2
2015-09-19,Raymore-Peculiar,11,Nevada,1
2015-09-19,Calvary Lutheran,5,New Haven,1
2015-09-19,Smithville,7,Nixa,3
2015-09-19,North Platte,2,Norborne,4
2015-09-19,Penney,2,Norborne,8
2015-09-19,Vienna,9,North Andrew,6
2015-09-19,St. Elizabeth,2,North Harrison,10
2015-09-19,South Nodaway,3,Northeast Nodaway,11
2015-09-19,Smithville,0,Norwood,7
2015-09-19,Principia,0,Orchard Farm,8
2015-09-19,Lutheran St. Charles,1,Orchard Farm,6
2015-09-19,Pleasant Hope,5,Osage,4
2015-09-19,Fort Osage,1,Ozark,10
2015-09-19,Pleasant Hill,0,Ozark,8
2015-09-19,Canton,18,Paris,3
2015-09-19,Madison,3,Paris,0
2015-09-19,Fair Play,15,Parkview,9
2015-09-19,Kearney,12,Platte County,2
2015-09-19,Vienna,2,Plattsburg,13
2015-09-19,Fort Osage,4,Pleasant Hill,9
2015-09-19,Veritas Christian Academy,10,Principia,12
2015-09-19,Penney,5,Putnam County,8
2015-09-19,Branson,7,Reeds Spring,5
2015-09-19,Lebanon,4,Reeds Spring,5
2015-09-19,Crocker,14,Richland,0
2015-09-19,Vienna,15,Richland,0
2015-09-19,Cuba,5,Richland,4
2015-09-19,Warsaw,11,Russellville,2
2015-09-19,Versailles,0,Russellville,15
2015-09-19,Gainesville,6,Salem,10
2015-09-19,Van Buren,6,Salem,2
2015-09-19,Norwood,2,Salem,3
2015-09-19,Novinger,0,Schuyler County,10
2015-09-19,La Plata,1,Schuyler County,9
2015-09-19,Fayette,25,Salem,2
2015-09-19,Glasgow,19,Salem,8
2015-09-19,Helias Catholic,14,Savannah,4
2015-09-19,Liberty North,4,Smithville,0
2015-09-19,New Bloomfield,7,Southern Boone,14
2015-09-19,Eugene,1,Southern Boone,7
2015-09-19,Duchesne,7,St. Charles,2
2015-09-19,Houston,4,St. James,12
2015-09-19,Newburg,4,St. James,13
2015-09-19,Linn,10,Warsaw,0
2015-09-19,North Harrison,4,Trenton,7
2015-09-19,Milan,3,Trenton,12
2015-09-19,Richmond,4,Trenton,5
2015-09-19,Winfield,13,Union,9
2015-09-19,Father Tolton,7,Van-Far,12
2015-09-19,Ft. Zumwalt East,0,Warrenton,16
2015-09-19,Liberty (Wentzville),0,Warrenton,11
2015-09-19,Kearney,6,Webb City,7
2015-09-19,Fort Osage,3,Webster Groves,13
2015-09-19,Pleasant Hill,4,Webster Groves,5
2015-09-19,Highland,11,Wellsville-Middletown,0
2015-09-19,Van-Far,9,Wellsville-Middletown,4
2015-09-19,Lebanon,2,West Plains,15
2015-09-19,North Platte,9,Westran,0
2015-09-19,Excelsior Springs,1,Westran,9
2015-09-19,Timberland,7,Willard,5
2015-09-19,William Chrisman,2,Willard,6
2015-09-19,Timberland,3,William Chrisman,2
2015-09-20,Fort Osage,4,Pleasant Hill,9
2015-09-21,Hancock,7,Bayless,17
2015-09-21,Lee's Summit West,4,Blue Springs,2
2015-09-21,Marshall,1,Boonville,6
2015-09-21,Warsaw,6,California,4
2015-09-21,Waynesville,1,Camdenton,6
2015-09-21,Clark County,2,Canton,7
2015-09-21,Nevada,3,Carthage,10
2015-09-21,Reeds Spring,5,Cassville,6
2015-09-21,Neelyville,9,Chaffee,4
2015-09-21,Lutheran North,0,Clayton,16
2015-09-21,Richland,1,Crocker,11
2015-09-21,Plattsburg,2,DeKalb,4
2015-09-21,Portageville,4,DeSoto,2
2015-09-21,Notre Dame (St. Louis),6,Duchesne,0
2015-09-21,Naylor,6,East Carter,4
2015-09-21,Marion C. Early,2,El Dorado Springs,3
2015-09-21,Linn,4,Eldon,3
2015-09-21,Northwest (Cedar Hill),0,Eureka,1
2015-09-21,Wheatland,8,Fair Play,13
2015-09-21,Francis Howell Central,0,Francis Howell,9
2015-09-21,Farmington,15,Fredericktown,0
2015-09-21,Ft. Zumwalt West,19,Ft. Zumwalt East,4
2015-09-21,Francis Howell,1,Ft. Zumwalt West,6
2015-09-21,Lebanon,14,Glendale,0
2015-09-21,Platte County,12,Grandview,3
2015-09-21,Atlanta,6,Green City,2
2015-09-21,Blair Oaks,1,Hallsville,2
2015-09-21,Slater,6,Harrisburg,5
2015-09-21,Bakersfield,3,Hartville,5
2015-09-21,Riverview Gardens,16,Hazelwood Central,13
2015-09-21,McCluer North,0,Hazelwood East,15
2015-09-21,Festus,14,Herculaneum,4
2015-09-21,Cuba,10,Hermann,0
2015-09-21,Glasgow,16,Higbee,6
2015-09-21,Palmyra,0,Highland,11
2015-09-21,Jefferson (Festus),0,Hillsboro,10
2015-09-21,Central (Springfield),15,Humansville,4
2015-09-21,Nerinx Hall,11,Incarnate Word Academy,18
2015-09-21,Father Tolton,5,Jamestown,8
2015-09-21,Valley Park,1,John F. Kennedy,11
2015-09-21,Gainesville,22,Koshkonong,0
2015-09-21,University City,0,Ladue Horton Watkins,26
2015-09-21,Oakville,12,Lafayette (Wildwood),10
2015-09-21,Gallatin,3,Lawson,0
2015-09-21,Kearney,0,Lee's Summit,1
2015-09-21,Thayer,13,Liberty (Mountain View),6
2015-09-21,Mark Twain,2,Louisiana,5
2015-09-21,Affton,4,Lutheran South,12
2015-09-21,Trinity Catholic,5,Lutheran St. Charles,6
2015-09-21,Westran,3,Macon,4
2015-09-21,Norwood,21,Mansfield,4
2015-09-21,Aurora,4,Marshfield,6
2015-09-21,Hazelwood West,12,McCluer,0
2015-09-21,Lamar,1,McDonald County,10
2015-09-21,Lindbergh,10,Mehlville,8
2015-09-21,Savannah,6,Mid-Buchanan,3
2015-09-21,Hannibal,1,Moberly,2
2015-09-21,Community,4,Monroe City,19
2015-09-21,Calvary Lutheran,3,Montgomery County,18
2015-09-21,Fulton,2,North Callaway,12
2015-09-21,Bevier,1,Northeast (Cairo),9
2015-09-21,South Nodaway,0,Northeast Nodaway,8
2015-09-21,Pleasant Hill,9,Notre Dame de Sion,3
2015-09-21,North Kansas City,7,Oak Park,5
2015-09-21,Clinton,9,Odessa,10
2015-09-21,Madison,11,Paris,0
2015-09-21,Lee's Summit North,13,Park Hill,0
2015-09-21,Joplin,15,Parkview,0
2015-09-21,Kirkwood,7,Parkway North,8
2015-09-21,Fox,12,Parkway South,1
2015-09-21,Ft. Zumwalt North,19,Parkway West,10
2015-09-21,Ritenour,7,Pattonville,6
2015-09-21,Chillicothe,1,Penney,4
2015-09-21,Bishop DuBourg,15,Principia,12
2015-09-21,East Prairie,6,Puxico,7
2015-09-21,Blue Springs South,16,Raymore-Peculiar,4
2015-09-21,Fort Osage,1,Raytown,11
2015-09-21,Webster Groves,0,Rockwood Summit,10
2015-09-21,Dixon,8,Salem,2
2015-09-21,New Franklin,2,Schuyler County,3
2015-09-21,North Shelby,0,Schuyler County,10
2015-09-21,Marquette,13,Seckman,2
2015-09-21,Ava,14,Smithville,2
2015-09-21,Summit Christian Academy,0,South Nodaway,5
2015-09-21,Jackson,6,Sikeston,2
2015-09-21,Rosati-Kain,2,St. Dominic,16
2015-09-21,Belle,9,Warsaw,0
2015-09-21,Iberia,20,Westran,0
2015-09-21,New Bloomfield,7,Worth County,0
2015-09-21,Holt,15,Timberland,2
2015-09-21,Putnam County,0,Trenton,6
2015-09-21,Park Hill South,9,St. Charles,5
2015-09-21,Central (Cape Girardeau),5,St. Clair,6
2015-09-21,North County,7,Union,5
2015-09-21,Winfield,13,Union,9
2015-09-21,Jefferson City,13,Van-Far,1
2015-09-21,Pleasant Hope,15,Walnut Grove,2
2015-09-21,Bolivar,0,Warrensburg,1
2015-09-21,St. Clair,0,Warrenton,14
2015-09-21,Ft. Zumwalt South,2,Washington,7
2015-09-21,Carl Junction,2,Webb City,8
2015-09-21,Marion County,5,Wellsville-Middletown,10
2015-09-21,Kickapoo,10,West Plains,3
2015-09-21,Staley,15,William Chrisman,4
2015-09-21,Van Buren,6,Willow Springs,7
2015-09-21,Raytown South,4,Winnetonka,6
2015-09-21,Polo,5,Worth County,4
2015-09-22,Doniphan,12,Alton,11
2015-09-22,Jefferson City,7,Battle,0
2015-09-22,Vienna,6,Belle,5
2015-09-22,Cameron,1,Benton,8
2015-09-22,Trinity Catholic,11,Bishop DuBourg,12
2015-09-22,Maryville,0,Bishop LeBlond,3
2015-09-22,California,0,Blair Oaks,15
2015-09-22,Blue Springs,1,Blue Springs South,3
2015-09-22,Marshfield,0,Bolivar,4
2015-09-22,Cuba,20,Bourbon,6
2015-09-22,Albany,6,Braymer,5
2015-09-22,Hollister,0,Buffalo,7
2015-09-22,Monett,0,Carl Junction,6
2015-09-22,Knob Noster,18,Carrollton,8
2015-09-22,Branson,16,Carthage,18
2015-09-22,Poplar Bluff,8,Chaffee,6
2015-09-22,Smithville,9,Chillicothe,0
2015-09-22,South Nodaway,4,Clinton,5
2015-09-22,Mark Twain,2,Clopton,12
2015-09-22,Hillsboro,5,Cor Jesu Academy,2
2015-09-22,Walnut Grove,13,Dadeville,1
2015-09-22,St. Joseph's Academy,11,Duchesne,0
2015-09-22,Lathrop,10,East Buchanan,2
2015-09-22,Harrisonville,9,Excelsior Springs,0
2015-09-22,Central (Park Hills),7,Farmington,4
2015-09-22,Pilot Grove,3,Father Tolton,4
2015-09-22,Helias Catholic,4,Fatima,3
2015-09-22,Oak Park,1,Fort Osage,2
2015-09-22,Lindbergh,1,Fox,6
2015-09-22,Francis Howell North,11,Francis Howell Central,0
2015-09-22,North County,12,Fredericktown,1
2015-09-22,Ft. Zumwalt East,3,Ft. Zumwalt North,7
2015-09-22,Francis Howell,1,Ft. Zumwalt West,6
2015-09-22,Kirksville,3,Fulton,5
2015-09-22,Odessa,2,Grain Valley,12
2015-09-22,Hermitage,8,Halfway,9
2015-09-22,Thayer,1,Hardin-Central,6
2015-09-22,Ritenour,17,Hazelwood Central,2
2015-09-22,Hazelwood East,1,Hazelwood West,12
2015-09-22,St. James,6,Hermann,1
2015-09-22,Leeton,0,Holden,14
2015-09-22,Washington,1,Holt,2
2015-09-22,Hartville,2,Houston,8
2015-09-22,Tuscumbia,6,Jamestown,13
2015-09-22,West Plains,0,Joplin,6
2015-09-22,Belton,0,Kearney,7
2015-09-22,Novinger,14,La Plata,5
2015-09-22,Aurora,4,Lamar,6
2015-09-22,Dixon,20,Laquey,0
2015-09-22,Ava,0,Lebanon,10
2015-09-22,Raymore-Peculiar,0,Lee's Summit,3
2015-09-22,Lee's Summit North,4,Lee's Summit West,3
2015-09-22,Trenton,1,Lexington,3
2015-09-22,Central (St. Joseph),9,Liberty,4
2015-09-22,Warrenton,13,Liberty (Wentzville),1
2015-09-22,Clark County,3,Louisiana,4
2015-09-22,Bayless,24,Lutheran North,6
2015-09-22,Highland,1,Macon,2
2015-09-22,Glasgow,10,Madison,0
2015-09-22,Central (Springfield),10,Mansfield,2
2015-09-22,Fayette,2,Marceline,12
2015-09-22,Vienna,8,Maysville,4
2015-09-22,Jennings,9,McCluer,19
2015-09-22,Lafayette (Wildwood),10,McCluer North,4
2015-09-22,Cassville,6,McDonald County,7
2015-09-22,Bevier,13,Meadville,9
2015-09-22,University City,7,Metro,29
2015-09-22,Penney,10,Mid-Buchanan,1
2015-09-22,Cleveland NJROTC,15,Miller Career Academy,15
2015-09-22,Boonville,14,Moberly,1
2015-09-22,St. Clair,3,Naylor,13
2015-09-22,Sikeston,3,Neelyville,5
2015-09-22,Northwestern (Mendon),0,Norborne,15
2015-09-22,Community,0,North Callaway,6
2015-09-22,William Chrisman,8,North Kansas City,2
2015-09-22,Plattsburg,5,North Platte,1
2015-09-22,Schuyler County,4,Northeast (Cairo),3
2015-09-22,Central (Cape Girardeau),0,Notre Dame (Cape Girardeau),6
2015-09-22,Nerinx Hall,1,Oakville,11
2015-09-22,Winfield,3,Orchard Farm,13
2015-09-22,Crocker,1,Osage,3
2015-09-22,New Haven,2,Owensville,6
2015-09-22,St. Clair,2,Pacific,18
2015-09-22,Brookfield,5,Palmyra,1
2015-09-22,Park Hill South,6,Park Hill,0
2015-09-22,Fair Play,11,Parkview,17
2015-09-22,Jefferson (Festus),3,Perryville,11
2015-09-22,Oak Grove,4,Pleasant Hill,2
2015-09-22,Weaubleau,3,Pleasant Hope,5
2015-09-22,Gallatin,4,Polo,0
2015-09-22,St. Elizabeth,2,Princeton,10
2015-09-22,Knox County,4,Putnam County,3
2015-09-22,Grandview,15,Raytown South,11
2015-09-22,Logan-Rogersville,5,Reeds Spring,0
2015-09-22,Webb City,2,Republic,3
2015-09-22,Macks Creek,0,Richland,10
2015-09-22,Lafayette County,0,Richmond,11
2015-09-22,Hillcrest,3,Rolla,4
2015-09-22,Notre Dame (St. Louis),23,Rosati-Kain,9
2015-09-22,Linn,14,Russellville,0
2015-09-22,Willow Springs,2,Salem,8
2015-09-22,Milan,2,Scotland County,5
2015-09-22,Rockwood Summit,6,Seckman,9
2015-09-22,Liberty (Mountain View),7,Smithville,3
2015-09-22,Van-Far,5,Silex,6
2015-09-22,Marshall,8,Salem,1
2015-09-22,Camdenton,14,Savannah,0
2015-09-22,Waynesville,14,Soldan International Studies,10
2015-09-22,Eugene,4,Slater,0
2015-09-22,Harrisburg,0,Southern Boone,15
2015-09-22,Herculaneum,3,St. Pius X (Festus),13
2015-09-22,Summit Christian Academy,11,St. Pius X (Kansas City),4
2015-09-22,Liberty North,1,Staley,4
2015-09-22,Potosi,2,Ste. Genevieve,15
2015-09-22,Hallsville,5,Worth County,3
2015-09-22,Union,10,Webb City,3
2015-09-22,Troy Buchanan,12,Timberland,11
2015-09-22,Ruskin,0,St. Charles,16
2015-09-22,Incarnate Word Academy,4,Ursuline Academy,11
2015-09-22,Thayer,0,Van Buren,10
2015-09-22,Eldon,14,Versailles,1
2015-09-22,Montgomery County,10,Wellsville-Middletown,0
2015-09-22,South Shelby,5,Westran,3
2015-09-22,Ozark,2,Willard,1
2015-09-22,Jackson,6,Windsor (Imperial),8
2015-09-22,Bowling Green,8,Wright City,0
2015-09-23,Nerinx Hall,8,Affton,4
2015-09-23,Herculaneum,9,Brentwood,14
2015-09-23,Schuyler County,4,Brookfield,9
2015-09-23,Bolivar,11,Buffalo,0
2015-09-23,Liberty North,3,Central (St. Joseph),4
2015-09-23,Winfield,4,Clopton,6
2015-09-23,North County,2,Cuba,0
2015-09-23,East Prairie,5,Doniphan,8
2015-09-23,Wheatland,1,El Dorado Springs,5
2015-09-23,Ft. Zumwalt South,0,Eureka,10
2015-09-23,Holt,7,Fox,8
2015-09-23,Sikeston,17,Fredericktown,7
2015-09-23,St. Joseph's Academy,1,Ft. Zumwalt West,11
2015-09-23,Carnahan,2,Hancock,17
2015-09-23,Battle,9,Hannibal,5
2015-09-23,New Franklin,11,Harrisburg,7
2015-09-23,Hazelwood West,17,Hazelwood East,1
2015-09-23,Hickman,3,Helias Catholic,5
2015-09-23,Canton,6,Highland,4
2015-09-23,Notre Dame (St. Louis),0,John F. Kennedy,5
2015-09-23,Perryville,5,Kelly,10
2015-09-23,Parkway West,22,Ladue Horton Watkins,1
2015-09-23,Hillsboro,5,Lafayette (Wildwood),10
2015-09-23,Cameron,2,Lathrop,7
2015-09-23,Holden,7,Lexington,5
2015-09-23,Park Hill South,5,Liberty,1
2015-09-23,Bishop DuBourg,20,Lutheran North,0
2015-09-23,Hazelwood Central,17,McCluer,5
2015-09-23,Riverview Gardens,5,McCluer North,18
2015-09-23,Waynesville,4,Metro,16
2015-09-23,Valley Park,15,New Haven,3
2015-09-23,Seckman,4,Northwest (Cedar Hill),5
2015-09-23,DeSoto,3,Oakville,0
2015-09-23,Smithville,19,O'Hara,2
2015-09-23,Carl Junction,1,Ozark,9
2015-09-23,Rockwood Summit,15,Pattonville,2
2015-09-23,Lee's Summit West,5,Platte County,1
2015-09-23,Festus,14,Potosi,7
2015-09-23,Winnetonka,1,Raymore-Peculiar,2
2015-09-23,Joplin,16,Rolla,0
2015-09-23,Lafayette County,3,South Nodaway,6
2015-09-23,Francis Howell Central,1,St. Dominic,11
2015-09-23,Notre Dame de Sion,7,St. Pius X (Kansas City),5
2015-09-23,Benton,5,St. Teresa's Academy,4
2015-09-23,Westran,10,Warsaw,17
2015-09-23,Windsor (Imperial),15,Webb City,9
2015-09-23,McCluer South-Berkeley,23,University City,11
2015-09-23,Westminster Christian Academy,11,Veritas Christian Academy,1
2015-09-23,St. James,0,Waynesville,10
2015-09-23,Humansville,2,Weaubleau,12
2015-09-23,Kirkwood,14,Webster Groves,6
2015-09-23,Marceline,9,Westran,4
2015-09-23,Orchard Farm,20,Wright City,12
2015-09-24,Liberty (Mountain View),0,Alton,1
2015-09-24,Monett,9,Aurora,3
2015-09-24,Houston,10,Ava,5
2015-09-24,Cleveland NJROTC,2,Bayless,17
2015-09-24,Maryville,2,Benton,12
2015-09-24,Nerinx Hall,5,Bishop DuBourg,4
2015-09-24,Helias Catholic,7,Boonville,8
2015-09-24,Wellsville-Middletown,0,Bowling Green,5
2015-09-24,Willard,0,Branson,1
2015-09-24,Gateway,3,Brentwood,18
2015-09-24,Russellville,6,Calvary Lutheran,8
2015-09-24,Seneca,7,Carl Junction,0
2015-09-24,Richmond,7,Carrollton,3
2015-09-24,Potosi,0,Central (Park Hills),15
2015-09-24,Clark County,0,Centralia,8
2015-09-24,Macon,5,Chillicothe,10
2015-09-24,Soldan International Studies,1,Clayton,17
2015-09-24,Nevada,2,Clinton,4
2015-09-24,Ursuline Academy,1,Cor Jesu Academy,3
2015-09-24,Van-Far,2,Crocker,4
2015-09-24,Dixon,7,Cuba,4
2015-09-24,Portageville,14,Doniphan,0
2015-09-24,Bakersfield,5,Dora,10
2015-09-24,Neelyville,12,East Carter,12
2015-09-24,Van Buren,22,East Prairie,10
2015-09-24,Grain Valley,6,Excelsior Springs,0
2015-09-24,Lamar,13,Fair Play,6
2015-09-24,North County,3,Farmington,7
2015-09-24,Father Tolton,11,Fayette,5
2015-09-24,Francis Howell,12,Francis Howell North,0
2015-09-24,Washington,10,Ft. Zumwalt East,2
2015-09-24,Ft. Zumwalt South,1,Ft. Zumwalt North,8
2015-09-24,Braymer,0,Gallatin,3
2015-09-24,Dadeville,3,Halfway,10
2015-09-24,Eldon,4,Hallsville,2
2015-09-24,Lutheran South,21,Hancock,3
2015-09-24,Fulton,5,Hannibal,10
2015-09-24,Pleasant Hill,6,Harrisonville,7
2015-09-24,Van-Far,12,Hermann,2
2015-09-24,Leeton,8,Hermitage,5
2015-09-24,Jamestown,16,Higbee,5
2015-09-24,Louisiana,1,Highland,5
2015-09-24,Gainesville,6,Hollister,8
2015-09-24,Ritenour,2,Holt,8
2015-09-24,Osage,1,Iberia,4
2015-09-24,Chaffee,6,Jackson,8
2015-09-24,Metro,22,Jennings,5
2015-09-24,Winnetonka,0,Kearney,15
2015-09-24,Mehlville,2,Kirkwood,10
2015-09-24,Lexington,9,Knob Noster,4
2015-09-24,Marion County,2,La Plata,8
2015-09-24,Savannah,5,Lafayette (St. Joseph),6
2015-09-24,Holden,20,Lafayette County,3
2015-09-24,Blue Springs South,6,Lee's Summit North,7
2015-09-24,Lee's Summit,2,Lee's Summit West,3
2015-09-24,Raytown,1,Liberty North,16
2015-09-24,Central (Springfield),17,Macks Creek,5
2015-09-24,Westran,7,Mansfield,8
2015-09-24,Paris,0,Marceline,15
2015-09-24,Humansville,2,Marion C. Early,14
2015-09-24,Elsberry,2,Mark Twain,4
2015-09-24,Kirksville,17,Marshall,0
2015-09-24,Hartville,0,Marshfield,6
2015-09-24,Moberly,5,Mexico,2
2015-09-24,Lawson,3,Mid-Buchanan,2
2015-09-24,Community,0,Montgomery County,4
2015-09-24,Slater,7,New Bloomfield,2
2015-09-24,Laquey,0,Newburg,15
2015-09-24,East Buchanan,0,North Platte,9
2015-09-24,Milan,9,North Shelby,1
2015-09-24,Westran,9,Northeast (Cairo),3
2015-09-24,Webster Groves,8,Northwest (Cedar Hill),9
2015-09-24,St. Dominic,3,Notre Dame (St. Louis),6
2015-09-24,Atlanta,12,Novinger,2
2015-09-24,Odessa,6,Oak Grove,7
2015-09-24,Affton,0,Oakville,10
2015-09-24,St. Charles,0,Orchard Farm,8
2015-09-24,Carthage,0,Ozark,4
2015-09-24,Windsor (Imperial),8,Pacific,3
2015-09-24,Walnut Grove,2,Parkview,3
2015-09-24,Parkway West,18,Parkway Central,11
2015-09-24,Parkway North,2,Parkway South,12
2015-09-24,Fox,13,Pattonville,1
2015-09-24,Lathrop,4,Penney,0
2015-09-24,DeSoto,3,Perryville,1
2015-09-24,Central (Cape Girardeau),1,Poplar Bluff,3
2015-09-24,Belton,13,Raytown South,3
2015-09-24,Lebanon,13,Rolla,7
2015-09-24,Linn County,0,Schuyler County,15
2015-09-24,Knox County,6,Schuyler County,7
2015-09-24,Putnam County,5,Scotland County,6
2015-09-24,Lafayette (Wildwood),4,Seckman,11
2015-09-24,Kelly,6,Sikeston,0
2015-09-24,North Callaway,8,Silex,0
2015-09-24,O'Hara,3,Savannah,15
2015-09-24,Polo,15,St. Elizabeth,2
2015-09-24,Rosati-Kain,1,St. Joseph's Academy,11
2015-09-24,Linn,6,St. James,3
2015-09-24,Hillsboro,11,St. Pius X (Festus),2
2015-09-24,Oak Park,0,Staley,10
2015-09-24,Princeton,0,Vienna,11
2015-09-24,Fredericktown,2,Ste. Genevieve,12
2015-09-24,Glasgow,0,Worth County,15
2015-09-24,Salem,16,Thayer,3
2015-09-24,John F. Kennedy,13,Trinity Catholic,2
2015-09-24,Ft. Zumwalt West,6,Troy Buchanan,7
2015-09-24,Park Hill,13,St. Charles,8
2015-09-24,Hazelwood East,18,University City,3
2015-09-24,Carnahan,2,Waynesville,17
2015-09-24,Southern Boone,11,Versailles,1
2015-09-24,St. Pius X (Kansas City),2,Warrensburg,7
2015-09-24,Buffalo,15,Warsaw,4
2015-09-24,Nixa,4,Webb City,5
2015-09-24,Principia,0,Westminster Christian Academy,12
2015-09-24,Fort Osage,13,William Chrisman,5
2015-09-24,Norwood,1,Willow Springs,2
2015-09-24,Warrenton,15,Winfield,4
2015-09-24,Maysville,13,Worth County,2
2015-09-24,Clopton,4,Wright City,9
2015-09-25,Northwestern (Mendon),0,Atlanta,6
2015-09-25,Branson,9,Aurora,0
2015-09-25,Waynesville,18,Aurora,2
2015-09-25,Alton,6,Bakersfield,11
2015-09-25,New Haven,0,Belle,3
2015-09-25,St. Teresa's Academy,2,Belton,3
2015-09-25,Lutheran St. Charles,8,Bishop DuBourg,2
2015-09-25,Troy Buchanan,2,Blue Springs,1
2015-09-25,St. Dominic,4,Blue Springs South,9
2015-09-25,Blair Oaks,3,Blue Springs South,5
2015-09-25,Reeds Spring,2,Camdenton,7
2015-09-25,Willard,0,Camdenton,1
2015-09-25,Marion County,0,Canton,18
2015-09-25,West Plains,8,Carl Junction,4
2015-09-25,Battle,6,Carl Junction,7
2015-09-25,Marshfield,4,Cassville,0
2015-09-25,Lee's Summit North,10,Cassville,0
2015-09-25,Weaubleau,14,Dadeville,2
2015-09-25,Festus,1,DeSoto,6
2015-09-25,Pleasant Hope,15,Dora,0
2015-09-25,Lamar,11,Dora,10
2015-09-25,Republic,1,Eldon,0
2015-09-25,Nixa,4,Fatima,8
2015-09-25,Jefferson City,8,Francis Howell,7
2015-09-25,Kirksville,20,Ft. Zumwalt South,11
2015-09-25,Francis Howell,7,Ft. Zumwalt South,12
2015-09-25,Walnut Grove,2,Halfway,7
2015-09-25,Park Hill,1,Hickman,16
2015-09-25,Parkway South,8,Hickman,1
2015-09-25,Nixa,16,Hillcrest,2
2015-09-25,Fatima,20,Hillcrest,0
2015-09-25,Richland,2,Iberia,10
2015-09-25,Kirksville,0,Jefferson City,11
2015-09-25,Bolivar,0,Joplin,7
2015-09-25,Logan-Rogersville,3,Kickapoo,2
2015-09-25,Liberty,2,Kickapoo,5
2015-09-25,Ft. Zumwalt West,12,Lafayette (Wildwood),7
2015-09-25,Pleasant Hope,10,Lamar,0
2015-09-25,St. Dominic,0,Lee's Summit West,5
2015-09-25,Blair Oaks,8,Lee's Summit West,2
2015-09-25,Logan-Rogersville,2,Liberty,8
2015-09-25,La Plata,3,Linn County,4
2015-09-25,Principia,19,Lutheran North,0
2015-09-25,Seckman,7,Lutheran South,2
2015-09-25,Westran,0,Macks Creek,15
2015-09-25,Lee's Summit North,12,Marshfield,0
2015-09-25,Cor Jesu Academy,8,Mehlville,2
2015-09-25,McCluer,20,Metro,10
2015-09-25,Pilot Grove,5,New Franklin,6
2015-09-25,Park Hill South,11,North Kansas City,3
2015-09-25,Marion C. Early,4,Norwood,7
2015-09-25,Duchesne,1,Notre Dame (St. Louis),11
2015-09-25,Clayton,2,Orchard Farm,11
2015-09-25,Waynesville,8,Owensville,1
2015-09-25,Republic,9,Ozark,2
2015-09-25,Eldon,3,Ozark,1
2015-09-25,Richmond,10,Park Hill,0
2015-09-25,Smithville,7,Parkview,16
2015-09-25,Affton,1,Parkway Central,18
2015-09-25,Pattonville,9,Parkway Central,1
2015-09-25,St. Joseph's Academy,7,Parkway North,8
2015-09-25,Richmond,0,Parkway South,2
2015-09-25,Kirkwood,8,Parkway West,7
2015-09-25,McCluer North,4,Pattonville,6
2015-09-25,Willard,10,Reeds Spring,7
2015-09-25,Crocker,11,Rolla,1
2015-09-25,Ursuline Academy,10,Rosati-Kain,2
2015-09-25,Summit Christian Academy,0,South Nodaway,10
2015-09-25,Blue Springs,12,Southern Boone,2
2015-09-25,Windsor (Imperial),16,St. Clair,0
2015-09-25,Union,9,St. James,1
2015-09-25,Raytown,8,St. Charles,4
2015-09-25,Russellville,6,Tuscumbia,4
2015-09-25,Ritenour,18,University City,3
2015-09-25,Bayless,0,Valley Park,15
2015-09-25,Laquey,3,Vienna,18
2015-09-25,Branson,1,Waynesville,13
2015-09-25,Battle,7,West Plains,2
2015-09-25,Liberty (Mountain View),5,Willow Springs,13
2015-09-26,Reeds Spring,14,Aurora,17
2015-09-26,Cassville,19,Aurora,2
2015-09-26,Ozark,11,Aurora,1
2015-09-26,Calvary Lutheran,3,Belle,14
2015-09-26,Iberia,11,Belle,0
2015-09-26,Linn,14,Belle,0
2015-09-26,North Platte,5,Benton,3
2015-09-26,Lathrop,11,Benton,8
2015-09-26,Kirksville,2,Blue Springs,8
2015-09-26,Blair Oaks,0,Blue Springs,13
2015-09-26,Parkway South,0,Blue Springs South,4
2015-09-26,Troy Buchanan,1,Blue Springs South,6
2015-09-26,Eldon,7,Bolivar,1
2015-09-26,Nixa,12,Bolivar,2
2015-09-26,Milan,11,Brashear,1
2015-09-26,Northeast (Cairo),20,Brashear,4
2015-09-26,Republic,4,Camdenton,3
2015-09-26,Kickapoo,1,Camdenton,5
2015-09-26,Fatima,6,Camdenton,8
2015-09-26,Logan-Rogersville,11,Carl Junction,7
2015-09-26,Hillcrest,1,Carl Junction,9
2015-09-26,Battle,7,Cassville,6
2015-09-26,Hillcrest,4,Cassville,8
2015-09-26,Palmyra,0,Centralia,3
2015-09-26,North Callaway,1,Centralia,10
2015-09-26,Trenton,0,Centralia,4
2015-09-26,Notre Dame (Cape Girardeau),9,Chaffee,2
2015-09-26,Windsor (Imperial),10,Chaffee,3
2015-09-26,Lutheran South,4,Chaffee,3
2015-09-26,St. Pius X (Kansas City),1,Clinton,13
2015-09-26,Nevada,4,Clinton,1
2015-09-26,Savannah,0,Clinton,10
2015-09-26,St. Joseph's Academy,3,Clopton,10
2015-09-26,Plattsburg,0,DeKalb,4
2015-09-26,Versailles,4,Dixon,12
2015-09-26,Pilot Grove,10,Dixon,4
2015-09-26,Lamar,11,Dora,10
2015-09-26,El Dorado Springs,9,Dora,7
2015-09-26,Lafayette County,8,East Buchanan,9
2015-09-26,Mid-Buchanan,19,East Buchanan,14
2015-09-26,Benton,11,East Buchanan,1
2015-09-26,Savannah,8,East Buchanan,3
2015-09-26,South Nodaway,12,El Dorado Springs,2
2015-09-26,Summit Christian Academy,5,El Dorado Springs,4
2015-09-26,Branson,3,Eldon,4
2015-09-26,Wright City,2,Eugene,12
2015-09-26,Central (Park Hills),1,Eureka,6
2015-09-26,Hillsboro,1,Eureka,2
2015-09-26,Pacific,1,Eureka,11
2015-09-26,Portageville,0,Farmington,1
2015-09-26,Poplar Bluff,4,Farmington,11
2015-09-26,Windsor (Imperial),9,Farmington,6
2015-09-26,Naylor,6,Farmington,9
2015-09-26,Battle,0,Fatima,14
2015-09-26,Pacific,12,Festus,2
2015-09-26,Hillsboro,2,Festus,7
2015-09-26,Kelly,7,Festus,4
2015-09-26,St. Dominic,9,Francis Howell,8
2015-09-26,Lee's Summit West,3,Ft. Zumwalt South,11
2015-09-26,Van-Far,6,Fulton,2
2015-09-26,Eugene,16,Fulton,2
2015-09-26,California,0,Fulton,19
2015-09-26,Excelsior Springs,9,Grandview,3
2015-09-26,Silex,1,Hannibal,11
2015-09-26,St. Joseph's Academy,5,Hannibal,2
2015-09-26,Marshall,3,Hardin-Central,4
2015-09-26,Polo,4,Hardin-Central,2
2015-09-26,Clopton,19,Hermann,4
2015-09-26,Montgomery County,9,Hermann,8
2015-09-26,Wellsville-Middletown,1,Hermann,6
2015-09-26,Kirksville,16,Hickman,15
2015-09-26,Blair Oaks,8,Hickman,1
2015-09-26,Reeds Spring,8,Hillcrest,4
2015-09-26,Webb City,4,Hillsboro,7
2015-09-26,Osage,2,Holden,1
2015-09-26,Dixon,6,Holden,5
2015-09-26,Calvary Lutheran,0,Iberia,10
2015-09-26,Linn,2,Iberia,1
2015-09-26,Poplar Bluff,3,Jackson,2
2015-09-26,Lutheran South,1,Jackson,2
2015-09-26,New Franklin,4,Jamestown,12
2015-09-26,Troy Buchanan,5,Jefferson City,3
2015-09-26,Parkway South,2,Jefferson City,9
2015-09-26,Lee's Summit North,12,Joplin,5
2015-09-26,Battle,1,Joplin,8
2015-09-26,Kickapoo,7,Joplin,11
2015-09-26,Central (Park Hills),18,Kelly,2
2015-09-26,Webb City,0,Kelly,7
2015-09-26,Waynesville,4,Kickapoo,9
2015-09-26,Scotland County,3,Knox County,5
2015-09-26,Marceline,8,Knox County,1
2015-09-26,Milan,0,Knox County,9
2015-09-26,Timberland,18,Ladue Horton Watkins,7
2015-09-26,Northwest (Cedar Hill),11,Ladue Horton Watkins,0
2015-09-26,Nerinx Hall,1,Ladue Horton Watkins,0
2015-09-26,Lafayette County,2,Lafayette (St. Joseph),17
2015-09-26,North Platte,6,Lafayette (St. Joseph),2
2015-09-26,DeKalb,1,Lafayette (St. Joseph),3
2015-09-26,Savannah,0,Lafayette (St. Joseph),10
2015-09-26,North Platte,8,Lafayette County,1
2015-09-26,Plattsburg,7,Lafayette County,10
2015-09-26,Pleasant Hope,10,Lamar,0
2015-09-26,South Nodaway,16,Lamar,1
2015-09-26,Summit Christian Academy,5,Lamar,6
2015-09-26,Mid-Buchanan,6,Lathrop,8
2015-09-26,North Kansas City,4,Lawson,14
2015-09-26,Excelsior Springs,2,Lawson,5
2015-09-26,Grandview,0,Lawson,12
2015-09-26,Fatima,4,Lee's Summit North,5
2015-09-26,Republic,3,Lee's Summit North,4
2015-09-26,Richmond,0,Lee's Summit West,8
2015-09-26,Willard,4,Liberty,6
2015-09-26,Eldon,0,Liberty,8
2015-09-26,Nixa,2,Liberty,12
2015-09-26,Calvary Lutheran,1,Linn,11
2015-09-26,Reeds Spring,5,Logan-Rogersville,15
2015-09-26,Montgomery County,1,Louisiana,3
2015-09-26,Clopton,10,Louisiana,0
2015-09-26,Hannibal,8,Louisiana,12
2015-09-26,North Callaway,10,Macon,7
2015-09-26,Mexico,7,Macon,12
2015-09-26,Palmyra,3,Macon,7
2015-09-26,Novinger,1,Marceline,14
2015-09-26,Van-Far,6,Mark Twain,0
2015-09-26,California,0,Mark Twain,17
2015-09-26,Polo,9,Marshall,3
2015-09-26,Bolivar,5,Marshfield,2
2015-09-26,West Plains,7,Marshfield,9
2015-09-26,Branson,3,Marshfield,13
2015-09-26,Norborne,16,Meadville,0
2015-09-26,Monett,5,Mexico,4
2015-09-26,Plattsburg,5,Mid-Buchanan,8
2015-09-26,North Callaway,8,Monett,7
2015-09-26,Trenton,12,Monett,5
2015-09-26,Silex,0,Montgomery County,1
2015-09-26,Portageville,6,Naylor,0
2015-09-26,Notre Dame (Cape Girardeau),12,Naylor,2
2015-09-26,O'Hara,0,Nevada,15
2015-09-26,Warrensburg,4,Nevada,9
2015-09-26,Wright City,7,New Bloomfield,6
2015-09-26,California,0,New Bloomfield,15
2015-09-26,Versailles,10,New Franklin,18
2015-09-26,Pilot Grove,8,New Franklin,6
2015-09-26,Vienna,8,Newburg,4
2015-09-26,Tuscumbia,4,Newburg,14
2015-09-26,Russellville,8,Newburg,1
2015-09-26,Polo,0,Norborne,10
2015-09-26,Winston,11,North Harrison,12
2015-09-26,St. Elizabeth,6,North Harrison,13
2015-09-26,Excelsior Springs,9,North Kansas City,2
2015-09-26,Grandview,6,North Kansas City,2
2015-09-26,Scotland County,4,Northeast (Cairo),7
2015-09-26,Cor Jesu Academy,4,Northwest (Cedar Hill),3
2015-09-26,Parkway Central,2,Northwest (Cedar Hill),12
2015-09-26,Scotland County,11,Novinger,1
2015-09-26,St. Pius X (Kansas City),16,O'Hara,0
2015-09-26,Jamestown,1,Osage,12
2015-09-26,Pilot Grove,1,Osage,9
2015-09-26,Hallsville,5,Palmyra,8
2015-09-26,St. Dominic,10,Park Hill,0
2015-09-26,Webster Groves,13,Parkway Central,2
2015-09-26,Nerinx Hall,2,Parkway Central,12
2015-09-26,South Nodaway,4,Pleasant Hope,2
2015-09-26,Summit Christian Academy,4,Pleasant Hope,14
2015-09-26,Lutheran South,0,Poplar Bluff,2
2015-09-26,Portageville,2,Poplar Bluff,12
2015-09-26,Windsor (Imperial),1,Portageville,0
2015-09-26,Worth County,7,Princeton,2
2015-09-26,Cor Jesu Academy,3,Rockwood Summit,4
2015-09-26,Nerinx Hall,2,Rockwood Summit,8
2015-09-26,Webster Groves,5,Rockwood Summit,6
2015-09-26,Vienna,16,Russellville,1
2015-09-26,Tuscumbia,2,Russellville,18
2015-09-26,Benton,6,Savannah,2
2015-09-26,Northeast (Cairo),7,Schuyler County,10
2015-09-26,Milan,4,Schuyler County,6
2015-09-26,Marceline,9,Schuyler County,4
2015-09-26,Webb City,5,Seckman,14
2015-09-26,Central (Park Hills),10,Seckman,5
2015-09-26,Pacific,0,Seckman,10
2015-09-26,Norborne,20,Salem,0
2015-09-26,Marshall,7,Salem,2
2015-09-26,Meadville,9,Salem,8
2015-09-26,St. Pius X (Kansas City),1,Savannah,11
2015-09-26,Warrensburg,13,Savannah,0
2015-09-26,New Bloomfield,2,Slater,3
2015-09-26,Eugene,0,Slater,1
2015-09-26,Mark Twain,3,Slater,6
2015-09-26,Worth County,3,St. Elizabeth,0
2015-09-26,Ft. Zumwalt South,10,Southern Boone,3
2015-09-26,Richmond,12,Southern Boone,1
2015-09-26,Wright City,6,Van-Far,5
2015-09-26,Cor Jesu Academy,3,Timberland,1
2015-09-26,Hallsville,5,Trenton,8
2015-09-26,Vienna,11,Tuscumbia,9
2015-09-26,O'Hara,0,Warrensburg,10
2015-09-26,Republic,21,Waynesville,0
2015-09-26,Battle,16,Waynesville,1
2015-09-26,Timberland,1,Webster Groves,12
2015-09-26,St. Joseph's Academy,11,Wellsville-Middletown,0
2015-09-26,Silex,14,Wellsville-Middletown,2
2015-09-26,Willard,3,West Plains,1
2015-09-26,Nixa,11,West Plains,5
2015-09-26,Branson,1,Willard,0
2015-09-26,Notre Dame (Cape Girardeau),8,Windsor (Imperial),11
2015-09-28,North Shelby,0,Atlanta,10
2015-09-28,Thayer,0,Bakersfield,2
2015-09-28,Dixon,16,Belle,6
2015-09-28,North Andrew,6,Bishop LeBlond,5
2015-09-28,Hickman,2,Blair Oaks,3
2015-09-28,Raymore-Peculiar,1,Blue Springs,7
2015-09-28,Ozark,4,Bolivar,6
2015-09-28,Warrenton,4,Bowling Green,5
2015-09-28,Putnam County,2,Brookfield,1
2015-09-28,Parkview,1,Camdenton,16
2015-09-28,Palmyra,3,Canton,5
2015-09-28,Carthage,6,Carl Junction,10
2015-09-28,Neelyville,14,Central (Cape Girardeau),4
2015-09-28,Battle,8,Centralia,12
2015-09-28,Portageville,2,Chaffee,0
2015-09-28,Macon,0,Clark County,6
2015-09-28,Liberty (Wentzville),12,Clayton,2
2015-09-28,Buffalo,1,Clinton,9
2015-09-28,North Platte,2,DeKalb,0
2015-09-28,Ft. Zumwalt East,13,Duchesne,5
2015-09-28,St. Clair,11,East Prairie,9
2015-09-28,Fatima,5,Eugene,1
2015-09-28,Potosi,2,Farmington,13
2015-09-28,Salem,2,Fayette,3
2015-09-28,Liberty North,5,Fort Osage,0
2015-09-28,Parkway North,2,Francis Howell Central,8
2015-09-28,North County,11,Fredericktown,1
2015-09-28,Francis Howell,10,Ft. Zumwalt North,4
2015-09-28,Ladue Horton Watkins,1,Ft. Zumwalt North,14
2015-09-28,Mansfield,1,Gainesville,9
2015-09-28,East Buchanan,2,Gallatin,10
2015-09-28,Cleveland NJROTC,14,Gateway,13
2015-09-28,Kickapoo,13,Glendale,0
2015-09-28,New Franklin,7,Hallsville,5
2015-09-28,Hazelwood East,2,Hazelwood Central,17
2015-09-28,Bayless,5,Herculaneum,16
2015-09-28,Wright City,13,Hermann,0
2015-09-28,West Plains,6,Hillcrest,4
2015-09-28,El Dorado Springs,7,Humansville,0
2015-09-28,California,3,Jamestown,13
2015-09-28,Savannah,1,Jefferson City,9
2015-09-28,Bishop DuBourg,0,John F. Kennedy,4
2015-09-28,Grandview,1,Kearney,11
2015-09-28,Nerinx Hall,1,Kirkwood,11
2015-09-28,Warrensburg,5,Knob Noster,1
2015-09-28,Doniphan,17,Koshkonong,0
2015-09-28,Mehlville,2,Lafayette (Wildwood),3
2015-09-28,South Nodaway,5,Lamar,1
2015-09-28,Joplin,4,Lebanon,3
2015-09-28,Lee's Summit North,3,Lee's Summit,0
2015-09-28,Hardin-Central,2,Leeton,3
2015-09-28,Seckman,15,Lindbergh,0
2015-09-28,Father Tolton,4,Linn,6
2015-09-28,Brashear,4,Linn County,9
2015-09-28,Lutheran North,0,Lutheran South,15
2015-09-28,Orchard Farm,4,Lutheran St. Charles,7
2015-09-28,Trenton,12,Marceline,2
2015-09-28,Fox,12,Marquette,4
2015-09-28,Jennings,3,McCluer South-Berkeley,24
2015-09-28,Webb City,7,McDonald County,4
2015-09-28,Boonville,9,Mexico,1
2015-09-28,Maysville,9,Mid-Buchanan,7
2015-09-28,Schuyler County,4,Milan,2
2015-09-28,Fulton,1,Moberly,5
2015-09-28,Highland,1,Monroe City,4
2015-09-28,East Carter,18,Naylor,7
2015-09-28,North Callaway,3,New Bloomfield,5
2015-09-28,Cassville,2,Nixa,1
2015-09-28,Central (Park Hills),9,North County,7
2015-09-28,Parkway South,7,Northwest (Cedar Hill),0
2015-09-28,Smithville,0,Norwood,15
2015-09-28,Summit Christian Academy,1,Notre Dame de Sion,9
2015-09-28,Lafayette County,0,Oak Grove,14
2015-09-28,Raytown,4,Oak Park,1
2015-09-28,Eureka,6,Oakville,1
2015-09-28,Richland,4,Osage,15
2015-09-28,Cuba,5,Owensville,4
2015-09-28,St. Charles,22,Park Hill,4
2015-09-28,Central (St. Joseph),0,Park Hill South,9
2015-09-28,Ritenour,4,Parkway Central,0
2015-09-28,Francis Howell North,9,Pattonville,5
2015-09-28,Lexington,4,Penney,5
2015-09-28,Winnetonka,0,Platte County,1
2015-09-28,Excelsior Springs,9,Pleasant Hill,17
2015-09-28,Ste. Genevieve,7,Potosi,8
2015-09-28,Cameron,1,Richmond,11
2015-09-28,McCluer,1,Riverview Gardens,10
2015-09-28,Parkway West,1,Rockwood Summit,9
2015-09-28,Norborne,5,Schuyler County,10
2015-09-28,Winfield,5,Silex,6
2015-09-28,Harrisonville,0,Smithville,5
2015-09-28,Russellville,0,Slater,11
2015-09-28,Worth County,8,South Nodaway,1
2015-09-28,Salem,15,St. Clair,3
2015-09-28,Troy Buchanan,2,St. Dominic,3
2015-09-28,Iberia,2,Van-Far,1
2015-09-28,Westminster Christian Academy,12,St. Joseph's Academy,5
2015-09-28,Hancock,0,St. Pius X (Festus),15
2015-09-28,North Kansas City,0,Staley,15
2015-09-28,Newburg,10,Warsaw,5
2015-09-28,Laquey,7,Westran,5
2015-09-28,DeSoto,5,Webb City,1
2015-09-28,Principia,0,Valley Park,15
2015-09-28,Marion County,4,Van-Far,7
2015-09-28,St. Joseph's Academy,17,Veritas Christian Academy,0
2015-09-28,Warsaw,7,Versailles,6
2015-09-28,Hermitage,5,Walnut Grove,8
2015-09-28,Pacific,1,Washington,11
2015-09-28,Rolla,5,Waynesville,15
2015-09-28,Macks Creek,1,Weaubleau,7
2015-09-28,Affton,1,Webster Groves,15
2015-09-28,Fair Play,1,Wheatland,16
2015-09-28,Ava,1,Willow Springs,16
2015-09-28,Hillsboro,3,Windsor (Imperial),4
2015-09-29,Valley Park,9,Affton,16
2015-09-29,Mansfield,1,Ava,9
2015-09-29,Norwood,11,Bakersfield,1
2015-09-29,Lafayette (St. Joseph),8,Benton,7
2015-09-29,Lee's Summit,5,Blue Springs South,6
2015-09-29,Hancock,18,Brentwood,12
2015-09-29,Marceline,7,Brookfield,3
2015-09-29,Reeds Spring,8,Buffalo,9
2015-09-29,Osage,13,California,3
2015-09-29,Cleveland NJROTC,11,Carnahan,10
2015-09-29,Willard,5,Cassville,2
2015-09-29,Van Buren,10,Central (Cape Girardeau),2
2015-09-29,Smithville,0,Central (Springfield),10
2015-09-29,Perryville,1,Chaffee,9
2015-09-29,Bowling Green,11,Clopton,0
2015-09-29,St. Joseph's Academy,0,Cor Jesu Academy,11
2015-09-29,Dixon,1,Crocker,5
2015-09-29,Hartville,1,Dora,11
2015-09-29,Savannah,8,East Buchanan,3
2015-09-29,Sikeston,1,East Carter,4
2015-09-29,Aurora,1,East Newton,16
2015-09-29,Russellville,4,Eldon,15
2015-09-29,Montgomery County,3,Elsberry,1
2015-09-29,Humansville,16,Fair Play,17
2015-09-29,Windsor (Imperial),13,Festus,3
2015-09-29,Lafayette (Wildwood),7,Francis Howell Central,6
2015-09-29,Ft. Zumwalt West,6,Francis Howell North,3
2015-09-29,Ste. Genevieve,7,Fredericktown,2
2015-09-29,Rolla,6,Glendale,9
2015-09-29,Harrisonville,3,Grain Valley,1
2015-09-29,St. Pius X (Kansas City),9,Grandview,7
2015-09-29,Brashear,2,Green City,9
2015-09-29,North Harrison,11,Grundy County,3
2015-09-29,Macks Creek,7,Halfway,8
2015-09-29,Schuyler County,17,Harrisburg,2
2015-09-29,Richmond,15,Holden,7
2015-09-29,Bolivar,16,Hollister,0
2015-09-29,Troy Buchanan,7,Holt,2
2015-09-29,Hazelwood Central,1,Incarnate Word Academy,16
2015-09-29,Parkway South,0,Jackson,7
2015-09-29,Lutheran North,21,Jennings,9
2015-09-29,Platte County,10,Kearney,7
2015-09-29,Branson,5,Kickapoo,7
2015-09-29,Hannibal,1,Kirksville,7
2015-09-29,Clark County,1,Knox County,3
2015-09-29,Savannah,0,Lafayette (St. Joseph),10
2015-09-29,Knob Noster,6,Lafayette County,0
2015-09-29,Belle,8,Laquey,3
2015-09-29,Plattsburg,0,Lathrop,13
2015-09-29,North Platte,5,Lawson,0
2015-09-29,Blue Springs,2,Lee's Summit North,0
2015-09-29,Raymore-Peculiar,0,Lee's Summit West,11
2015-09-29,Carrollton,3,Lexington,13
2015-09-29,Battle,11,Liberty (Wentzville),4
2015-09-29,North Kansas City,0,Liberty North,10
2015-09-29,Milan,9,Linn County,3
2015-09-29,Monroe City,9,Louisiana,1
2015-09-29,Bevier,1,Madison,11
2015-09-29,Brashear,5,Marion County,6
2015-09-29,Logan-Rogersville,7,Marshfield,3
2015-09-29,Savannah,10,Maryville,3
2015-09-29,Albany,4,Maysville,14
2015-09-29,Parkway Central,16,McCluer,0
2015-09-29,Parkway North,9,McCluer North,15
2015-09-29,Monett,0,McDonald County,8
2015-09-29,McCluer South-Berkeley,28,Metro,16
2015-09-29,Doniphan,0,Naylor,10
2015-09-29,Carl Junction,7,Nevada,10
2015-09-29,Linn,9,New Bloomfield,6
2015-09-29,Jamestown,12,New Franklin,13
2015-09-29,Mark Twain,2,North Callaway,9
2015-09-29,Potosi,0,North County,7
2015-09-29,Scotland County,8,North Shelby,4
2015-09-29,Lutheran South,7,Notre Dame (St. Louis),6
2015-09-29,Excelsior Springs,0,Oak Grove,11
2015-09-29,Pleasant Hill,8,Odessa,3
2015-09-29,Trinity Catholic,1,Orchard Farm,11
2015-09-29,Hillcrest,0,Ozark,14
2015-09-29,Westran,27,Paris,2
2015-09-29,Clayton,0,Parkway West,10
2015-09-29,Riverview Gardens,0,Pattonville,4
2015-09-29,East Buchanan,3,Penney,9
2015-09-29,Marion C. Early,3,Pleasant Hope,11
2015-09-29,Braymer,1,Polo,6
2015-09-29,Kelly,1,Poplar Bluff,4
2015-09-29,Worth County,6,Princeton,4
2015-09-29,Staley,15,Raytown,1
2015-09-29,Park Hill South,15,Raytown South,3
2015-09-29,Cuba,13,Richland,9
2015-09-29,Benton,6,Savannah,2
2015-09-29,Novinger,2,Schuyler County,17
2015-09-29,Lamar,1,Seneca,11
2015-09-29,Wellsville-Middletown,2,Silex,8
2015-09-29,Northeast (Cairo),15,Salem,0
2015-09-29,Fatima,9,Slater,0
2015-09-29,Vienna,13,St. Elizabeth,0
2015-09-29,Highland,6,South Shelby,4
2015-09-29,Blair Oaks,9,Southern Boone,1
2015-09-29,Lutheran St. Charles,9,St. Charles,0
2015-09-29,Union,5,St. Joseph's Academy,2
2015-09-29,Principia,5,St. Pius X (Festus),15
2015-09-29,Warrensburg,3,St. Teresa's Academy,4
2015-09-29,Houston,23,Thayer,8
2015-09-29,Cameron,0,Trenton,9
2015-09-29,Liberty,10,St. Charles,0
2015-09-29,Ladue Horton Watkins,0,Ursuline Academy,15
2015-09-29,Wright City,3,Van-Far,4
2015-09-29,Westran,0,Vienna,10
2015-09-29,Weaubleau,13,Walnut Grove,0
2015-09-29,Clinton,14,Warsaw,0
2015-09-29,Rockwood Summit,2,Washington,3
2015-09-29,Parkway West,0,Webster Groves,10
2015-09-29,Hillsboro,5,Westminster Christian Academy,1
2015-09-29,Oak Park,9,William Chrisman,5
2015-09-29,Belton,13,Winnetonka,1
2015-09-30,Jennings,1,Bayless,17
2015-09-30,Cleveland NJROTC,6,Brentwood,15
2015-09-30,Lathrop,14,Carrollton,2
2015-09-30,Wheatland,0,Central (Springfield),7
2015-09-30,Van-Far,8,Clopton,9
2015-09-30,Pacific,1,DeSoto,7
2015-09-30,Waynesville,2,Dixon,5
2015-09-30,Eugene,8,Eldon,5
2015-09-30,Orchard Farm,15,Elsberry,0
2015-09-30,Montgomery County,3,Elsberry,1
2015-09-30,Central (Park Hills),4,Farmington,5
2015-09-30,Webster Groves,0,Fox,11
2015-09-30,Marquette,5,Francis Howell North,3
2015-09-30,Ste. Genevieve,7,Fredericktown,2
2015-09-30,Francis Howell Central,6,Ft. Zumwalt South,7
2015-09-30,Worth County,7,Harrisburg,5
2015-09-30,McCluer,10,Hazelwood East,11
2015-09-30,South Nodaway,0,Hickman,4
2015-09-30,Newburg,9,Houston,3
2015-09-30,Southern Boone,2,Jefferson City,6
2015-09-30,Camdenton,5,Joplin,1
2015-09-30,Central (Cape Girardeau),4,Kelly,2
2015-09-30,Mexico,14,Kirksville,2
2015-09-30,Parkway South,5,Lafayette (Wildwood),0
2015-09-30,Lee's Summit West,0,Lee's Summit North,10
2015-09-30,Park Hill,0,Liberty,18
2015-09-30,Pattonville,8,Lindbergh,2
2015-09-30,Lutheran St. Charles,15,Lutheran North,0
2015-09-30,St. Pius X (Festus),0,Mehlville,4
2015-09-30,St. Pius X (Kansas City),5,Mid-Buchanan,4
2015-09-30,Bourbon,0,New Haven,10
2015-09-30,Carrollton,0,Norborne,14
2015-09-30,Potosi,1,North County,7
2015-09-30,Perryville,0,Notre Dame (Cape Girardeau),15
2015-09-30,Valley Park,2,Notre Dame (St. Louis),12
2015-09-30,Hillsboro,4,Oakville,5
2015-09-30,Ruskin,0,Park Hill South,15
2015-09-30,Ft. Zumwalt West,16,Parkway North,0
2015-09-30,Nerinx Hall,0,Parkway West,10
2015-09-30,Raytown South,9,Platte County,12
2015-09-30,Nevada,9,Pleasant Hill,7
2015-09-30,Schuyler County,11,Putnam County,1
2015-09-30,Marshfield,4,Reeds Spring,13
2015-09-30,Branson,0,Republic,12
2015-09-30,Bishop DuBourg,2,Ritenour,5
2015-09-30,Hazelwood West,17,Riverview Gardens,0
2015-09-30,Richmond,1,Smithville,11
2015-09-30,Warsaw,1,St. James,15
2015-09-30,Affton,9,Webb City,11
2015-09-30,St. Dominic,13,Timberland,8
2015-09-30,Veritas Christian Academy,13,Trinity Catholic,9
2015-09-30,Raymore-Peculiar,11,St. Charles,2
2015-09-30,Holt,6,Washington,0
2015-09-30,Ozark,8,Webb City,1
2015-09-30,Cor Jesu Academy,11,Westminster Christian Academy,3
2015-09-30,Moberly,8,Westran,4
2015-09-30,St. Teresa's Academy,16,William Chrisman,0
2015-09-30,Ava,1,Willow Springs,16
2015-10-01,Ladue Horton Watkins,10,Affton,9
2015-10-01,Koshkonong,0,Alton,16
2015-10-01,La Plata,0,Atlanta,7
2015-10-01,Lee's Summit,2,Blue Springs,12
2015-10-01,Kirksville,1,Boonville,11
2015-10-01,Buffalo,2,Branson,12
2015-10-01,Hardin-Central,4,Braymer,11
2015-10-01,Bayless,5,Brentwood,1
2015-10-01,Louisiana,5,Brookfield,3
2015-10-01,Hallsville,17,California,2
2015-10-01,Bolivar,0,Camdenton,3
2015-10-01,Holden,15,Carrollton,7
2015-10-01,Lamar,4,Cassville,11
2015-10-01,Chaffee,5,Central (Cape Girardeau),3
2015-10-01,St. Charles,1,Central (St. Joseph),6
2015-10-01,Parkway Central,3,Clayton,8
2015-10-01,Mark Twain,5,Community,6
2015-10-01,St. Clair,1,Cuba,6
2015-10-01,Windsor (Imperial),13,DeSoto,1
2015-10-01,Vienna,8,Dixon,0
2015-10-01,Mid-Buchanan,5,East Buchanan,15
2015-10-01,Puxico,2,East Carter,5
2015-10-01,Helias Catholic,12,Eldon,1
2015-10-01,Silex,11,Elsberry,3
2015-10-01,Marquette,1,Eureka,3
2015-10-01,Hermann,5,Father Tolton,15
2015-10-01,Seckman,10,Festus,3
2015-10-01,Mehlville,0,Fox,15
2015-10-01,St. Dominic,12,Ft. Zumwalt North,4
2015-10-01,Mexico,11,Fulton,0
2015-10-01,Bakersfield,6,Gainesville,13
2015-10-01,Oak Grove,9,Grain Valley,6
2015-10-01,Metro,16,Hancock,13
2015-10-01,Odessa,1,Harrisonville,9
2015-10-01,Smithville,4,Hartville,3
2015-10-01,Dadeville,2,Hermitage,10
2015-10-01,New Franklin,1,Hickman,14
2015-10-01,Knox County,0,Highland,2
2015-10-01,Reeds Spring,4,Hillcrest,5
2015-10-01,Willow Springs,13,Houston,4
2015-10-01,Tuscumbia,1,Iberia,12
2015-10-01,Lutheran St. Charles,3,John F. Kennedy,2
2015-10-01,Kickapoo,0,Joplin,9
2015-10-01,Notre Dame (Cape Girardeau),1,Kelly,4
2015-10-01,West Platte,2,Lathrop,16
2015-10-01,Lafayette County,0,Lexington,15
2015-10-01,Blue Springs South,4,Liberty,5
2015-10-01,Dora,11,Liberty (Mountain View),3
2015-10-01,Northwest (Cedar Hill),3,Lindbergh,0
2015-10-01,Riverview Gardens,21,Lutheran North,0
2015-10-01,Glendale,14,Mansfield,4
2015-10-01,Macon,12,Marceline,6
2015-10-01,Halfway,5,Marion C. Early,13
2015-10-01,Moberly,17,Marshall,0
2015-10-01,Northwestern (Mendon),13,Meadville,8
2015-10-01,Putnam County,4,Milan,3
2015-10-01,East Newton,1,Monett,11
2015-10-01,Marion County,0,Monroe City,15
2015-10-01,Montgomery County,7,New Haven,1
2015-10-01,Bowling Green,3,North Callaway,2
2015-10-01,Vienna,6,North Harrison,12
2015-10-01,Raytown,6,North Kansas City,7
2015-10-01,Penney,0,North Platte,1
2015-10-01,St. Teresa's Academy,4,Notre Dame de Sion,5
2015-10-01,Trinity Catholic,9,Orchard Farm,12
2015-10-01,Van-Far,0,Osage,5
2015-10-01,St. Joseph's Academy,12,Owensville,6
2015-10-01,Worth County,16,Paris,0
2015-10-01,Central (Park Hills),14,Perryville,5
2015-10-01,Lawson,12,Plattsburg,10
2015-10-01,Willard,8,Pleasant Hope,1
2015-10-01,Maysville,7,Polo,6
2015-10-01,Lutheran South,21,Principia,3
2015-10-01,Kearney,19,Raytown South,0
2015-10-01,McDonald County,1,Republic,11
2015-10-01,Newburg,18,Richland,4
2015-10-01,Knob Noster,4,Richmond,12
2015-10-01,Gateway,7,Roosevelt,14
2015-10-01,Nerinx Hall,3,Rosati-Kain,5
2015-10-01,Fatima,17,Russellville,0
2015-10-01,Glasgow,2,Schuyler County,10
2015-10-01,North Andrew,9,Savannah,3
2015-10-01,Canton,8,Scotland County,3
2015-10-01,Aurora,1,Seneca,11
2015-10-01,Warrensburg,8,South Nodaway,5
2015-10-01,Warsaw,17,Savannah,10
2015-10-01,Excelsior Springs,0,Smithville,15
2015-10-01,Clark County,4,South Shelby,7
2015-10-01,Norborne,19,Thayer,2
2015-10-01,Crocker,6,St. James,4
2015-10-01,Fort Osage,0,Staley,10
2015-10-01,Rolla,5,Webb City,9
2015-10-01,St. Elizabeth,0,Trenton,13
2015-10-01,Salem,7,Union,8
2015-10-01,Jennings,8,University City,12
2015-10-01,Herculaneum,3,Valley Park,13
2015-10-01,Winfield,0,Warrenton,15
2015-10-01,Nevada,5,Webb City,7
2015-10-01,Parkway West,0,Webster Groves,10
2015-10-01,Wright City,12,Wellsville-Middletown,2
2015-10-01,Weaubleau,12,Wheatland,8
2015-10-01,Liberty North,18,William Chrisman,0
2015-10-01,Grandview,0,Winnetonka,6
2015-10-01,Northeast Nodaway,15,Winston,12
2015-10-02,Webb City,1,Belton,7
2015-10-02,Jefferson City,10,Belton,4
2015-10-02,Higbee,1,Bevier,12
2015-10-02,Pleasant Hope,0,Blair Oaks,10
2015-10-02,Raytown,2,Blue Springs South,12
2015-10-02,Ozark,7,Boonville,2
2015-10-02,Monett,5,Boonville,4
2015-10-02,Novinger,19,Brashear,9
2015-10-02,Webb City,13,Buffalo,1
2015-10-02,Rockwood Summit,11,Buffalo,2
2015-10-02,Platte County,1,Carl Junction,2
2015-10-02,Blair Oaks,12,Carl Junction,4
2015-10-02,Oak Park,5,Carthage,2
2015-10-02,McDonald County,1,Carthage,9
2015-10-02,Gateway,13,Cleveland NJROTC,14
2015-10-02,Pacific,3,Crocker,6
2015-10-02,Camdenton,8,Dixon,5
2015-10-02,Alton,0,Doniphan,6
2015-10-02,Neelyville,9,Dora,8
2015-10-02,Van Buren,1,East Carter,0
2015-10-02,Puxico,0,East Carter,13
2015-10-02,Marion C. Early,16,Fair Play,0
2015-10-02,Halfway,21,Fair Play,9
2015-10-02,DeSoto,7,Farmington,1
2015-10-02,Holt,10,Francis Howell,8
2015-10-02,Hazelwood West,2,Francis Howell North,12
2015-10-02,Timberland,4,Ft. Zumwalt North,11
2015-10-02,Ft. Zumwalt West,15,Ft. Zumwalt South,5
2015-10-02,Miller Career Academy,14,Gateway,7
2015-10-02,Central (Springfield),7,Glendale,10
2015-10-02,Gainesville,7,Hartville,6
2015-10-02,Jennings,8,Hazelwood East,11
2015-10-02,Fatima,3,Helias Catholic,0
2015-10-02,Weaubleau,9,Hermitage,2
2015-10-02,Troy Buchanan,12,Hickman,4
2015-10-02,Wheatland,7,Humansville,4
2015-10-02,Bishop DuBourg,4,Incarnate Word Academy,14
2015-10-02,Parkway South,0,Jackson,7
2015-10-02,Versailles,4,Jamestown,8
2015-10-02,Bayless,2,John F. Kennedy,12
2015-10-02,Monett,9,Joplin,10
2015-10-02,Ozark,5,Joplin,0
2015-10-02,Meadville,1,La Plata,11
2015-10-02,Veritas Christian Academy,1,Liberty (Wentzville),6
2015-10-02,Kirkwood,0,Lindbergh,8
2015-10-02,Northwestern (Mendon),2,Linn County,6
2015-10-02,Walnut Grove,0,Logan-Rogersville,15
2015-10-02,McCluer South-Berkeley,25,Lutheran North,7
2015-10-02,Webster Groves,1,Marquette,11
2015-10-02,Norwood,6,Marshfield,7
2015-10-02,Salem,13,Marshfield,10
2015-10-02,Kearney,9,McDonald County,3
2015-10-02,Willow Springs,7,Naylor,14
2015-10-02,Van Buren,9,Naylor,5
2015-10-02,Cor Jesu Academy,15,Nerinx Hall,2
2015-10-02,Kearney,12,Oak Park,2
2015-10-02,Waynesville,8,Owensville,1
2015-10-02,Parkway West,2,Pattonville,4
2015-10-02,Leeton,1,Pilot Grove,13
2015-10-02,Pleasant Hope,0,Platte County,10
2015-10-02,Poplar Bluff,2,Portageville,0
2015-10-02,Vienna,19,Richland,4
2015-10-02,McCluer North,3,Ritenour,14
2015-10-02,Webb City,8,Rockwood Summit,10
2015-10-02,Crocker,6,Rolla,7
2015-10-02,Nerinx Hall,3,Rosati-Kain,5
2015-10-02,Norwood,8,Salem,13
2015-10-02,Iberia,3,Slater,0
2015-10-02,New Bloomfield,7,Van-Far,1
2015-10-02,McCluer,29,University City,11
2015-10-02,Lutheran South,3,Washington,5
2015-10-02,St. Pius X (Festus),0,Westminster Christian Academy,8
2015-10-03,Hardin-Central,7,Albany,5
2015-10-03,Houston,6,Bakersfield,13
2015-10-03,Laquey,2,Bakersfield,17
2015-10-03,Webb City,7,Belton,6
2015-10-03,Carthage,4,Belton,7
2015-10-03,Platte County,3,Belton,4
2015-10-03,Notre Dame de Sion,15,Bishop LeBlond,0
2015-10-03,Kearney,11,Blair Oaks,1
2015-10-03,McDonald County,9,Boonville,10
2015-10-03,Community,1,Bowling Green,16
2015-10-03,Clopton,8,Bowling Green,9
2015-10-03,North Callaway,1,Bowling Green,10
2015-10-03,Princeton,9,Braymer,10
2015-10-03,Crocker,12,Buffalo,8
2015-10-03,Grain Valley,4,Cameron,16
2015-10-03,Webb City,7,Carl Junction,5
2015-10-03,Monett,4,Carl Junction,11
2015-10-03,Joplin,11,Carthage,0
2015-10-03,McDonald County,2,Carthage,9
2015-10-03,Perryville,5,Central (Cape Girardeau),9
2015-10-03,Park Hill South,6,Central (St. Joseph),3
2015-10-03,Savannah,2,Central (St. Joseph),10
2015-10-03,Maryville,3,Central (St. Joseph),15
2015-10-03,Benton,11,Central (St. Joseph),12
2015-10-03,Wright City,7,Clopton,9
2015-10-03,Montgomery County,2,Clopton,3
2015-10-03,Wright City,5,Community,1
2015-10-03,Norwood,5,Crocker,10
2015-10-03,East Carter,8,Dora,4
2015-10-03,Puxico,0,Dora,18
2015-10-03,Wellsville-Middletown,5,Elsberry,2
2015-10-03,Mark Twain,7,Elsberry,4
2015-10-03,Warrenton,11,Francis Howell Central,0
2015-10-03,Troy Buchanan,8,Francis Howell North,9
2015-10-03,Grain Valley,13,Gallatin,10
2015-10-03,Notre Dame de Sion,0,Grain Valley,18
2015-10-03,Monroe City,4,Hannibal,5
2015-10-03,Princeton,8,Hardin-Central,4
2015-10-03,Putnam County,2,Harrisonville,5
2015-10-03,Benton,6,Harrisonville,4
2015-10-03,Penney,6,Harrisonville,7
2015-10-03,Cameron,4,Harrisonville,8
2015-10-03,Laquey,8,Houston,9
2015-10-03,Ozark,10,Jefferson City,2
2015-10-03,Blair Oaks,2,Jefferson City,3
2015-10-03,Platte County,5,Joplin,0
2015-10-03,Monett,2,Joplin,4
2015-10-03,South Nodaway,7,Knob Noster,6
2015-10-03,Warsaw,3,Knob Noster,13
2015-10-03,Oak Grove,5,Knob Noster,2
2015-10-03,Lafayette County,6,Knob Noster,15
2015-10-03,Notre Dame de Sion,2,Lafayette (St. Joseph),7
2015-10-03,Park Hill South,5,Lafayette (St. Joseph),4
2015-10-03,Penney,0,Lafayette (St. Joseph),10
2015-10-03,Benton,1,Lafayette (St. Joseph),7
2015-10-03,Oak Grove,15,Lafayette County,0
2015-10-03,Summit Christian Academy,5,Lafayette County,12
2015-10-03,South Nodaway,10,Lafayette County,0
2015-10-03,Rolla,11,Marshfield,4
2015-10-03,Owensville,5,Marshfield,7
2015-10-03,Gallatin,9,Maryville,10
2015-10-03,Penney,6,Maryville,3
2015-10-03,Cameron,6,Maryville,3
2015-10-03,Kearney,9,McDonald County,3
2015-10-03,Pleasant Hope,1,McDonald County,11
2015-10-03,Pleasant Hill,1,McDonald County,11
2015-10-03,Oak Park,4,Monett,8
2015-10-03,Silex,3,Montgomery County,5
2015-10-03,Van Buren,10,Naylor,6
2015-10-03,Willow Springs,7,Naylor,14
2015-10-03,Van Buren,4,Neelyville,3
2015-10-03,Willow Springs,3,Neelyville,9
2015-10-03,Willard,6,Nixa,0
2015-10-03,Van-Far,3,North Callaway,9
2015-10-03,Montgomery County,5,North Callaway,6
2015-10-03,Summit Christian Academy,1,Oak Grove,18
2015-10-03,South Nodaway,6,Oak Grove,12
2015-10-03,Webb City,8,Oak Park,3
2015-10-03,Webb City,9,Owensville,0
2015-10-03,Kearney,6,Ozark,5
2015-10-03,Schuyler County,0,Park Hill South,5
2015-10-03,Cameron,0,Park Hill South,11
2015-10-03,Bishop LeBlond,3,Penney,4
2015-10-03,Gallatin,14,Putnam County,3
2015-10-03,Notre Dame de Sion,17,Putnam County,1
2015-10-03,Waynesville,3,Rockwood Summit,6
2015-10-03,Pacific,1,Rockwood Summit,16
2015-10-03,Webb City,3,Rolla,5
2015-10-03,Waynesville,7,Salem,6
2015-10-03,Pacific,12,Salem,11
2015-10-03,Gallatin,3,Savannah,1
2015-10-03,Bishop LeBlond,1,Savannah,0
2015-10-03,Schuyler County,1,Savannah,8
2015-10-03,Grain Valley,12,Schuyler County,2
2015-10-03,Benton,0,Schuyler County,8
2015-10-03,Warsaw,1,South Nodaway,11
2015-10-03,Van-Far,14,Silex,4
2015-10-03,Puxico,4,St. Clair,8
2015-10-03,Willow Springs,5,St. Clair,4
2015-10-03,Wright City,4,Van-Far,5
2015-10-03,Summit Christian Academy,20,Warsaw,2
2015-10-03,Mark Twain,6,Wellsville-Middletown,5
2015-10-03,Southern Boone,3,Westran,1
2015-10-03,Liberty (Wentzville),19,Winfield,17
2015-10-05,Windsor (Imperial),15,Affton,0
2015-10-05,Thayer,1,Alton,7
2015-10-05,Northeast (Cairo),2,Atlanta,4
2015-10-05,Houston,2,Bakersfield,5
2015-10-05,Eldon,6,Battle,3
2015-10-05,Kearney,8,Belton,1
2015-10-05,Warsaw,0,Blair Oaks,15
2015-10-05,Lee's Summit,2,Blue Springs,12
2015-10-05,Branson,0,Bolivar,10
2015-10-05,Penney,8,Cameron,7
2015-10-05,Knox County,8,Canton,4
2015-10-05,Pleasant Hope,1,Carthage,9
2015-10-05,St. Pius X (Festus),6,Central (Park Hills),17
2015-10-05,Staley,2,Central (St. Joseph),4
2015-10-05,Newburg,2,Cuba,8
2015-10-05,Humansville,4,Dadeville,5
2015-10-05,Savannah,0,DeKalb,2
2015-10-05,Aurora,6,El Dorado Springs,5
2015-10-05,Winfield,15,Elsberry,0
2015-10-05,Slater,9,Father Tolton,7
2015-10-05,Owensville,0,Fatima,10
2015-10-05,Madison,5,Fayette,4
2015-10-05,Holt,15,Francis Howell Central,0
2015-10-05,Central (Cape Girardeau),15,Fredericktown,5
2015-10-05,Troy Buchanan,8,Ft. Zumwalt South,5
2015-10-05,Mansfield,6,Hartville,16
2015-10-05,Hazelwood West,2,Hazelwood Central,10
2015-10-05,Riverview Gardens,18,Hazelwood East,0
2015-10-05,Ste. Genevieve,0,Hillsboro,13
2015-10-05,Clinton,5,Holden,13
2015-10-05,Laquey,0,Iberia,22
2015-10-05,Kelly,7,Jackson,4
2015-10-05,DeSoto,8,Jefferson (Festus),0
2015-10-05,Valley Park,17,Jennings,0
2015-10-05,Camdenton,0,Kickapoo,2
2015-10-05,Incarnate Word Academy,17,Ladue Horton Watkins,0
2015-10-05,Fox,11,Lafayette (Wildwood),2
2015-10-05,Carl Junction,13,Lamar,0
2015-10-05,St. Pius X (Kansas City),6,Lawson,12
2015-10-05,Hillcrest,8,Lebanon,3
2015-10-05,Fair Play,17,Leeton,14
2015-10-05,Norborne,7,Lexington,5
2015-10-05,Eureka,4,Lindbergh,1
2015-10-05,New Haven,0,Linn,6
2015-10-05,Republic,13,Logan-Rogersville,1
2015-10-05,University City,16,Lutheran North,19
2015-10-05,Parkway West,5,Lutheran South,9
2015-10-05,Walnut Grove,9,Macks Creek,7
2015-10-05,South Shelby,7,Marceline,4
2015-10-05,Parkway South,5,Marquette,3
2015-10-05,North Platte,13,Maryville,0
2015-10-05,Plattsburg,2,Maysville,3
2015-10-05,McCluer North,17,McCluer,1
2015-10-05,Brookfield,3,Milan,0
2015-10-05,Louisiana,0,Montgomery County,2
2015-10-05,California,2,New Bloomfield,12
2015-10-05,East Newton,0,Nixa,8
2015-10-05,Worth County,15,North Andrew,13
2015-10-05,Albany,2,North Harrison,3
2015-10-05,Marion County,8,North Shelby,13
2015-10-05,Mid-Buchanan,1,Notre Dame de Sion,5
2015-10-05,Putnam County,11,Novinger,1
2015-10-05,Harrisonville,7,Oak Grove,4
2015-10-05,Mehlville,5,Oakville,12
2015-10-05,Warrensburg,1,Odessa,5
2015-10-05,Southern Boone,7,Osage,4
2015-10-05,Hannibal,3,Palmyra,1
2015-10-05,Hollister,12,Parkview,10
2015-10-05,Pattonville,7,Parkway Central,1
2015-10-05,Salem,4,Pilot Grove,7
2015-10-05,Smithville,13,Pleasant Hill,0
2015-10-05,East Carter,3,Poplar Bluff,9
2015-10-05,Herculaneum,1,Potosi,11
2015-10-05,Monett,5,Reeds Spring,4
2015-10-05,Parkway North,2,Ritenour,12
2015-10-05,Eugene,11,Russellville,0
2015-10-05,Liberty (Mountain View),5,Salem,10
2015-10-05,Scotland County,1,Schuyler County,2
2015-10-05,Gainesville,12,Smithville,1
2015-10-05,Naylor,8,Sikeston,4
2015-10-05,Grain Valley,13,Savannah,2
2015-10-05,Vienna,18,South Nodaway,0
2015-10-05,Festus,18,St. Clair,2
2015-10-05,Tuscumbia,4,Van-Far,6
2015-10-05,St. Dominic,1,St. Joseph's Academy,2
2015-10-05,Richland,20,Westran,5
2015-10-05,Schuyler County,4,Worth County,2
2015-10-05,Chillicothe,2,Trenton,12
2015-10-05,Washington,4,Union,2
2015-10-05,Westminster Christian Academy,2,Ursuline Academy,16
2015-10-05,St. Clair,1,Van Buren,2
2015-10-05,Duchesne,2,Veritas Christian Academy,4
2015-10-05,Hallsville,20,Versailles,0
2015-10-05,Joplin,4,Waynesville,3
2015-10-05,Marion C. Early,5,Weaubleau,1
2015-10-05,Ava,4,West Plains,9
2015-10-05,Monroe City,6,Westran,4
2015-10-05,Halfway,11,Wheatland,1
2015-10-05,Marshfield,1,Willard,2
2015-10-05,St. Charles,6,William Chrisman,0
2015-10-06,Parkview,6,Ava,7
2015-10-06,Platte County,11,Belton,6
2015-10-06,Valley Park,17,Brentwood,0
2015-10-06,Chaffee,15,East Prairie,1
2015-10-06,Ft. Zumwalt West,6,Francis Howell North,3
2015-10-06,Troy Buchanan,8,Francis Howell North,9
2015-10-06,Fayette,3,Glasgow,4
2015-10-06,Halfway,6,Humansville,8
2015-10-06,Central (Springfield),4,Laquey,0
2015-10-06,Eugene,6,Linn,4
2015-10-06,Marion County,6,Paris,9
2015-10-06,Neelyville,0,Poplar Bluff,9
2015-10-06,Hermitage,3,Wheatland,4
2015-10-07,Van Buren,12,Calvary Lutheran,4
2015-10-07,Naylor,4,Chaffee,9
2015-10-07,Norwood,7,Bakersfield,1
2015-10-07,Dora,10,Thayer,0
2015-10-07,Bakersfield,16,Koshkonong,2
2015-10-07,Tuscumbia,15,Westran,5
2015-10-07,Community,4,Wellsville-Middletown,2
2015-10-07,Silex,10,New Haven,2
2015-10-07,Fair Play,5,Dadeville,15
2015-10-07,Walnut Grove,11,Humansville,10
2015-10-07,Braymer,8,Thayer,7
2015-10-07,Fayette,10,Glasgow,5
2015-10-07,Paris,3,Harrisburg,12
2015-10-07,Madison,14,Higbee,2
2015-10-07,North Shelby,13,Bevier,5
2015-10-07,La Plata,17,Marion County,2
2015-10-07,Knox County,10,Novinger,0
2015-10-07,Schuyler County,15,Brashear,0
2015-10-07,Grundy County,11,Tri-County,1
2015-10-07,North Andrew,11,South Nodaway,1
2015-10-07,Portageville,10,St. Clair,0
2015-10-07,St. Clair,8,Puxico,2
2015-10-07,Herculaneum,15,Hancock,5
2015-10-07,Valley Park,17,Carnahan,0
2015-10-07,Lutheran North,21,Cleveland NJROTC,6
2015-10-07,Metro,19,Brentwood,4
2015-10-07,Wright City,5,Trinity Catholic,1
2015-10-07,Louisiana,14,Elsberry,0
2015-10-07,Cuba,11,Warsaw,1
2015-10-07,Vienna,22,Bourbon,1
2015-10-07,Lamar,7,Richland,8
2015-10-07,El Dorado Springs,5,Laquey,1
2015-10-07,Gainesville,5,Hartville,2
2015-10-07,Ava,12,Mansfield,2
2015-10-07,Hartville,14,Smithville,1
2015-10-07,Houston,10,Liberty (Mountain View),4
2015-10-07,East Carter,4,Alton,5
2015-10-07,Russellville,11,California,10
2015-10-07,Warsaw,14,Versailles,4
2015-10-07,New Bloomfield,17,Belle,0
2015-10-07,Slater,5,Hermann,0
2015-10-07,Montgomery County,1,Hallsville,4
2015-10-07,Father Tolton,5,Westran,10
2015-10-07,Clark County,4,Palmyra,2
2015-10-07,South Shelby,3,Mark Twain,1
2015-10-07,Lexington,5,Lafayette County,2
2015-10-07,Knob Noster,6,Summit Christian Academy,1
2015-10-07,Bishop LeBlond,1,East Buchanan,2
2015-10-07,Mid-Buchanan,10,West Platte,1
2015-10-07,Lawson,12,Carrollton,2
2015-10-07,Putnam County,1,Brookfield,8
2015-10-07,Milan,15,St. Elizabeth,0
2015-10-07,Doniphan,2,Ste. Genevieve,12
2015-10-07,Sikeston,13,Fredericktown,3
2015-10-07,North County,0,Festus,3
2015-10-07,DeSoto,8,Potosi,0
2015-10-07,Bishop DuBourg,5,Affton,8
2015-10-07,Notre Dame (St. Louis),13,Bayless,0
2015-10-07,Roosevelt,37,Soldan International Studies,22
2015-10-07,Waynesville,25,Miller Career Academy,10
2015-10-07,Jennings,24,University City,20
2015-10-07,Duchesne,7,St. Charles,0
2015-10-07,Winfield,5,Liberty (Wentzville),8
2015-10-07,St. Joseph's Academy,15,Veritas Christian Academy,0
2015-10-07,Kirksville,10,Hannibal,5
2015-10-07,Mexico,4,Fulton,2
2015-10-07,St. James,4,Webb City,16
2015-10-07,Salem,12,St. Clair,0
2015-10-07,Eldon,1,Osage,3
2015-10-07,Southern Boone,11,Buffalo,5
2015-10-07,Marshfield,1,Hillcrest,4
2015-10-07,Reeds Spring,10,Hollister,0
2015-10-07,East Newton,2,Cassville,0
2015-10-07,Monett,15,Aurora,4
2015-10-07,Clinton,8,Pleasant Hill,9
2015-10-07,Harrisonville,4,Nevada,0
2015-10-07,Pleasant Hill,2,Warrensburg,0
2015-10-07,Odessa,14,Marshall,4
2015-10-07,St. Pius X (Kansas City),2,Excelsior Springs,3
2015-10-07,Platte County,15,O'Hara,0
2015-10-07,Benton,8,Savannah,0
2015-10-07,Lafayette (St. Joseph),9,Chillicothe,2
2015-10-07,Savannah,1,Cameron,0
2015-10-07,Chillicothe,5,Maryville,4
2015-10-07,Hillsboro,4,Jackson,0
2015-10-07,Poplar Bluff,10,Central (Cape Girardeau),4
2015-10-07,Lindbergh,4,Cor Jesu Academy,2
2015-10-07,Oakville,9,Mehlville,2
2015-10-07,Webster Groves,5,Nerinx Hall,1
2015-10-07,Kirkwood,19,Gateway,0
2015-10-07,Lafayette (Wildwood),4,Rolla,1
2015-10-07,Hazelwood Central,21,McCluer,4
2015-10-07,Hazelwood West,15,Hazelwood East,0
2015-10-07,Parkway Central,16,St. Joseph's Academy,6
2015-10-07,Parkway North,10,Ladue Horton Watkins,0
2015-10-07,Pattonville,2,Francis Howell Central,3
2015-10-07,Ft. Zumwalt South,14,Ft. Zumwalt East,5
2015-10-07,Francis Howell,9,Timberland,4
2015-10-07,Hickman,10,Savannah,0
2015-10-07,Lebanon,7,Waynesville,8
2015-10-07,Willard,4,Central (Springfield),0
2015-10-07,Branson,16,Parkview,10
2015-10-07,Nixa,12,Glendale,2
2015-10-07,Carthage,0,McDonald County,4
2015-10-07,Grandview,7,Notre Dame de Sion,12
2015-10-07,Raymore-Peculiar,15,Ruskin,0
2015-10-07,Raytown,13,St. Charles,3
2015-10-07,Lee's Summit,10,Raytown South,0
2015-10-07,Winnetonka,6,Fort Osage,4
2015-10-07,Liberty,21,William Chrisman,0
2015-10-07,Oak Park,7,North Kansas City,3
2015-10-07,Central (St. Joseph),6,Park Hill,2
2015-10-08,Van Buren,0,Chaffee,2
2015-10-08,Norwood,12,Dora,11
2015-10-08,Crocker,10,Tuscumbia,0
2015-10-08,Van-Far,11,Newburg,1
2015-10-08,Clopton,10,Community,0
2015-10-08,Van-Far,11,Silex,3
2015-10-08,Weaubleau,10,Dadeville,0
2015-10-08,Halfway,7,Walnut Grove,10
2015-10-08,Leeton,3,Wheatland,10
2015-10-08,Hermitage,11,Macks Creek,6
2015-10-08,Norborne,17,Hardin-Central,0
2015-10-08,Polo,11,Braymer,10
2015-10-08,Schuyler County,10,Salem,0
2015-10-08,Jamestown,6,Fayette,8
2015-10-08,New Franklin,0,Pilot Grove,8
2015-10-08,Northeast (Cairo),11,Harrisburg,1
2015-10-08,Worth County,16,Madison,1
2015-10-08,Atlanta,8,La Plata,0
2015-10-08,Canton,6,Knox County,0
2015-10-08,Scotland County,3,Schuyler County,2
2015-10-08,Green City,12,Grundy County,1
2015-10-08,Linn County,14,Meadville,9
2015-10-08,Worth County,0,Albany,1
2015-10-08,Vienna,12,North Andrew,0
2015-10-08,Portageville,1,Kelly,0
2015-10-08,Jefferson (Festus),12,Herculaneum,2
2015-10-08,St. Pius X (Festus),4,Valley Park,7
2015-10-08,John F. Kennedy,20,Lutheran North,0
2015-10-08,Principia,19,Metro,4
2015-10-08,Bowling Green,4,Wright City,0
2015-10-08,Lutheran St. Charles,7,Louisiana,6
2015-10-08,Iberia,10,Cuba,0
2015-10-08,Dixon,10,Vienna,4
2015-10-08,Pleasant Hope,10,Richland,7
2015-10-08,Marion C. Early,2,El Dorado Springs,3
2015-10-08,Gainesville,9,Ava,4
2015-10-08,Willow Springs,16,Houston,0
2015-10-08,Neelyville,10,Alton,0
2015-10-08,Blair Oaks,7,Russellville,1
2015-10-08,Eugene,17,Warsaw,3
2015-10-08,Fatima,8,New Bloomfield,0
2015-10-08,Linn,3,Slater,8
2015-10-08,Centralia,13,Hallsville,0
2015-10-08,North Callaway,10,Westran,0
2015-10-08,Highland,9,Clark County,1
2015-10-08,Monroe City,1,South Shelby,4
2015-10-08,South Nodaway,7,Lexington,2
2015-10-08,Holden,4,Knob Noster,3
2015-10-08,North Platte,9,East Buchanan,3
2015-10-08,Plattsburg,9,Mid-Buchanan,1
2015-10-08,Lathrop,4,Lawson,3
2015-10-08,Penney,2,Gallatin,0
2015-10-08,Trenton,1,Brookfield,0
2015-10-08,Marceline,3,Milan,2
2015-10-08,Notre Dame (Cape Girardeau),9,Ste. Genevieve,0
2015-10-08,Perryville,12,Sikeston,15
2015-10-08,DeSoto,10,Festus,1
2015-10-08,Windsor (Imperial),2,Festus,5
2015-10-08,Central (Park Hills),2,DeSoto,3
2015-10-08,Lutheran South,6,Affton,1
2015-10-08,Pacific,7,Notre Dame (St. Louis),4
2015-10-08,Clayton,13,Roosevelt,3
2015-10-08,Rosati-Kain,20,Waynesville,0
2015-10-08,Incarnate Word Academy,16,Jennings,1
2015-10-08,Riverview Gardens,16,McCluer South-Berkeley,1
2015-10-08,Orchard Farm,3,Duchesne,2
2015-10-08,Warrenton,10,Liberty (Wentzville),0
2015-10-08,St. Dominic,10,St. Joseph's Academy,3
2015-10-08,Macon,3,Kirksville,2
2015-10-08,Moberly,0,Mexico,1
2015-10-08,Union,4,Webb City,11
2015-10-08,Owensville,4,Salem,6
2015-10-08,Bolivar,7,Osage,0
2015-10-08,Helias Catholic,6,Southern Boone,5
2015-10-08,Logan-Rogersville,12,Hillcrest,5
2015-10-08,West Plains,11,Reeds Spring,2
2015-10-08,Seneca,2,East Newton,9
2015-10-08,Carl Junction,8,Monett,7
2015-10-08,Harrisonville,6,Pleasant Hill,3
2015-10-08,Oak Grove,15,Odessa,7
2015-10-08,Smithville,11,Excelsior Springs,2
2015-10-08,Richmond,1,Platte County,12
2015-10-08,Farmington,3,Hillsboro,10
2015-10-08,Seckman,11,Poplar Bluff,14
2015-10-08,Fox,5,Lindbergh,0
2015-10-08,Rockwood Summit,4,Oakville,1
2015-10-08,Parkway South,1,Webster Groves,0
2015-10-08,Ursuline Academy,8,Kirkwood,5
2015-10-08,Eureka,3,Lafayette (Wildwood),0
2015-10-08,Northwest (Cedar Hill),2,Washington,10
2015-10-08,Ritenour,13,Hazelwood Central,3
2015-10-08,McCluer North,3,Hazelwood West,0
2015-10-08,Marquette,13,Parkway Central,3
2015-10-08,Parkway West,5,Parkway North,4
2015-10-08,Ft. Zumwalt North,6,Francis Howell Central,0
2015-10-08,Francis Howell North,17,Ft. Zumwalt South,9
2015-10-08,Ft. Zumwalt West,3,Francis Howell,4
2015-10-08,Troy Buchanan,2,Holt,6
2015-10-08,Blue Springs South,9,Battle,10
2015-10-08,Blue Springs,15,Hickman,0
2015-10-08,Camdenton,6,Waynesville,2
2015-10-08,Jefferson City,3,Willard,2
2015-10-08,Ozark,5,Branson,3
2015-10-08,Kickapoo,7,Nixa,6
2015-10-08,Republic,3,McDonald County,0
2015-10-08,Joplin,4,Webb City,3
2015-10-08,Belton,7,Notre Dame de Sion,1
2015-10-08,St. Teresa's Academy,2,Raymore-Peculiar,9
2015-10-08,Lee's Summit North,10,Raytown,3
2015-10-08,Lee's Summit West,0,Lee's Summit,5
2015-10-08,Liberty North,10,Winnetonka,0
2015-10-08,Kearney,5,Liberty,4
2015-10-08,Park Hill South,10,Oak Park,0
2015-10-08,Staley,8,Central (St. Joseph),1
2015-10-09,Crocker,1,Van-Far,2
2015-10-09,Clopton,1,Van-Far,2
2015-10-09,Hermitage,1,Wheatland,3
2015-10-09,Pilot Grove,7,Fayette,6
2015-10-09,Northeast (Cairo),3,Worth County,2
2015-10-09,Atlanta,10,North Shelby,0
2015-10-09,Green City,5,Linn County,6
2015-10-09,Jefferson (Festus),3,Valley Park,1
2015-10-09,John F. Kennedy,13,Principia,0
2015-10-09,Bowling Green,10,Lutheran St. Charles,0
2015-10-09,Iberia,5,Dixon,0
2015-10-09,Willow Springs,4,Neelyville,1
2015-10-09,Fatima,5,Slater,2
2015-10-09,Notre Dame (Cape Girardeau),11,Sikeston,1
2015-10-09,Lutheran South,15,Pacific,11
2015-10-09,Clayton,13,Rosati-Kain,1
2015-10-09,Incarnate Word Academy,11,Riverview Gardens,2
2015-10-09,Warrenton,5,St. Dominic,1
2015-10-09,Salem,3,Webb City,6
2015-10-09,Carl Junction,3,East Newton,1
2015-10-09,Boonville,3,Grain Valley,5
2015-10-09,Fox,5,Rockwood Summit,2
2015-10-09,Parkway South,4,Ursuline Academy,0
2015-10-09,Eureka,1,Washington,0
2015-10-09,Ritenour,1,McCluer North,0
2015-10-09,Marquette,11,Parkway West,0
2015-10-09,Ft. Zumwalt North,0,Francis Howell North,2
2015-10-09,Holt,5,Francis Howell,6
2015-10-09,Blue Springs,6,Battle,1
2015-10-09,Camdenton,5,Jefferson City,9
2015-10-09,Ozark,2,Kickapoo,5
2015-10-09,Republic,1,Joplin,3
2015-10-09,Lee's Summit North,0,Lee's Summit,3
2015-10-09,Liberty North,5,Kearney,3
2015-10-09,Park Hill South,1,Staley,5
2015-10-10,Weaubleau,11,Walnut Grove,0
2015-10-10,Norborne,16,Polo,1
2015-10-10,Canton,17,Scotland County,2
2015-10-10,DeKalb,9,Maysville,6
2015-10-10,North Harrison,5,Albany,0
2015-10-10,Pleasant Hope,6,El Dorado Springs,7
2015-10-10,Blair Oaks,6,Eugene,1
2015-10-10,Centralia,3,North Callaway,0
2015-10-10,Highland,2,South Shelby,4
2015-10-10,South Nodaway,3,Holden,2
2015-10-10,North Platte,5,Plattsburg,2
2015-10-10,Lathrop,4,Penney,0
2015-10-10,Trenton,10,Marceline,0
2015-10-10,Macon,7,Mexico,8
2015-10-10,Bolivar,0,Helias Catholic,1
2015-10-10,Logan-Rogersville,18,West Plains,2
2015-10-10,Oak Grove,1,Grain Valley,10
2015-10-10,Smithville,5,Platte County,2
2015-10-10,Benton,0,Lafayette (St. Joseph),2
2015-10-10,Poplar Bluff,1,Hillsboro,7
2015-10-10,Belton,8,Raymore-Peculiar,6
2015-10-14,Norwood,0,Chaffee,2
2015-10-14,Van-Far,12,Van-Far,2
2015-10-14,DeKalb,18,Linn County,0
2015-10-14,Vienna,3,North Harrison,2
2015-10-14,Wheatland,1,Weaubleau,4
2015-10-14,Schuyler County,1,Norborne,2
2015-10-14,Northeast (Cairo),3,Pilot Grove,8
2015-10-14,Canton,3,Atlanta,0
2015-10-14,Jefferson (Festus),0,Portageville,1
2015-10-14,Bowling Green,4,John F. Kennedy,1
2015-10-14,North Platte,0,South Nodaway,3
2015-10-14,Trenton,0,Lathrop,5
2015-10-14,El Dorado Springs,0,Iberia,7
2015-10-14,Willow Springs,3,Gainesville,1
2015-10-14,Fatima,1,Blair Oaks,0
2015-10-14,South Shelby,0,Centralia,10
2015-10-14,DeSoto,4,Notre Dame (Cape Girardeau),8
2015-10-14,Clayton,0,Lutheran South,15
2015-10-14,Grain Valley,1,Harrisonville,7
2015-10-14,Lafayette (St. Joseph),9,Smithville,3
2015-10-14,Orchard Farm,1,Incarnate Word Academy,5
2015-10-14,Mexico,1,Warrenton,4
2015-10-14,Helias Catholic,5,Webb City,4
2015-10-14,Carl Junction,10,Logan-Rogersville,11
2015-10-14,Fox,7,Hillsboro,6
2015-10-14,Eureka,1,Parkway South,0
2015-10-14,Lee's Summit,1,Belton,0
2015-10-14,Staley,2,Liberty North,1
2015-10-14,Marquette,12,Ritenour,1
2015-10-14,Francis Howell,3,Francis Howell North,4
2015-10-14,Jefferson City,0,Blue Springs,10
2015-10-14,Joplin,10,Kickapoo,5
2015-10-17,Van-Far,7,Chaffee,10
2015-10-17,Vienna,2,DeKalb,4
2015-10-17,Norborne,7,Weaubleau,0
2015-10-17,Canton,8,Pilot Grove,1
2015-10-17,Bowling Green,0,Portageville,3
2015-10-17,Lathrop,10,South Nodaway,2
2015-10-17,Willow Springs,1,Iberia,3
2015-10-17,Centralia,1,Fatima,4
2015-10-17,Lutheran South,3,Notre Dame (Cape Girardeau),13
2015-10-17,Lafayette (St. Joseph),3,Harrisonville,0
2015-10-17,Warrenton,17,Incarnate Word Academy,2
2015-10-17,Logan-Rogersville,7,Helias Catholic,18
2015-10-17,Eureka,4,Fox,8
2015-10-17,Staley,5,Lee's Summit,4
2015-10-17,Francis Howell North,4,Marquette,12
2015-10-17,Joplin,5,Blue Springs,2
2015-10-23,Canton,4,Chaffee,6
2015-10-23,DeKalb,7,Chaffee,5
2015-10-23,Canton,3,Norborne,8
2015-10-23,Iberia,0,Portageville,10
2015-10-23,Lathrop,1,Portageville,0
2015-10-23,Fatima,3,Iberia,1
2015-10-23,Helias Catholic,6,Lafayette (St. Joseph),11
2015-10-23,Lafayette (St. Joseph),3,Notre Dame (Cape Girardeau),10
2015-10-23,Helias Catholic,3,Warrenton,15
2015-10-23,Joplin,1,Fox,4
2015-10-23,Staley,4,Fox,1
2015-10-23,Joplin,1,Marquette,7
2015-10-24,Norborne,4,DeKalb,3
2015-10-24,Fatima,3,Lathrop,10
2015-10-24,Warrenton,12,Notre Dame (Cape Girardeau),2
2015-10-24,Marquette,6,Staley,10
